case_id,split,linked_with,nearest_case,nearest_similarity,shape_x,shape_y,shape_z,spacing_x,spacing_y,spacing_z,crop_x,crop_y,crop_z,brain_ml,tumour_voxels_outside_brain,flair_min,flair_p01,flair_p99,flair_max,t1w_min,t1w_p01,t1w_p99,t1w_max,t1gd_min,t1gd_p01,t1gd_p99,t1gd_max,t2w_min,t2w_p01,t2w_p99,t2w_max,edema_ml,non_enhancing_tumor_ml,enhancing_tumour_ml,wt_ml,tc_ml,et_ml
BRATS_001,train,BRATS_275,BRATS_275,1.0,240,240,155,1.0,1.0,1.0,136,176,132,1495.21,0,0.0,7.0,1149.0,1829.0,0.0,21.0,1048.0,2155.0,0.0,13.0,1375.0,2239.0,0.0,12.0,1200.0,1669.0,53.05,27.189,31.485,111.724,58.674,31.485
BRATS_002,test,BRATS_293,BRATS_293,1.0,240,240,155,1.0,1.0,1.0,142,176,146,1593.06,0,0.0,13.0,1158.0,1905.0,0.0,15.0,1051.0,2869.0,0.0,10.0,1304.0,2656.0,0.0,10.0,1125.0,1605.0,53.736,1.106,8.219,63.061,9.325,8.219
BRATS_003,train,BRATS_281,BRATS_281,1.0,240,240,155,1.0,1.0,1.0,146,177,140,1770.75,0,0.0,0.0,1045.0,1871.0,0.0,14.0,1023.0,3533.0,0.0,7.0,1384.0,2609.0,0.0,10.0,1104.0,1809.0,148.263,4.414,21.25,173.927,25.664,21.25
BRATS_004,train,BRATS_284,BRATS_284,1.0,240,240,155,1.0,1.0,1.0,129,156,130,1250.11,0,0.0,15.0,1119.0,1809.0,0.0,25.0,1029.0,2346.0,0.0,25.0,1181.0,2223.0,0.0,17.0,1185.0,1552.0,45.189,57.655,17.816,120.66,75.471,17.816
BRATS_005,val,BRATS_282,BRATS_282,1.0,240,240,155,1.0,1.0,1.0,141,169,138,1529.64,0,0.0,19.0,1238.0,2365.0,0.0,15.0,1037.0,3318.0,0.0,18.0,1341.0,3115.0,0.0,12.0,1051.0,1452.0,35.415,26.912,18.353,80.68,45.265,18.353
BRATS_006,test,BRATS_022;BRATS_283,BRATS_283,1.0,240,240,155,1.0,1.0,1.0,146,175,146,1637.27,0,0.0,0.0,1144.0,1381.0,0.0,23.0,1020.0,2764.0,0.0,39.0,1112.0,2468.0,0.0,16.0,1187.0,1389.0,109.916,64.065,43.378,217.359,107.443,43.378
BRATS_007,test,BRATS_290,BRATS_290,1.0,240,240,155,1.0,1.0,1.0,142,179,129,1634.23,0,0.0,9.0,1147.0,2704.0,0.0,13.0,1017.0,2319.0,0.0,8.0,1331.0,3238.0,0.0,11.0,1165.0,1745.0,34.894,4.514,21.677,61.085,26.191,21.677
BRATS_008,train,BRATS_279,BRATS_279,1.0,240,240,155,1.0,1.0,1.0,141,174,135,1653.68,0,0.0,10.0,1047.0,1945.0,0.0,20.0,1016.0,2301.0,0.0,13.0,1286.0,2619.0,0.0,12.0,1185.0,1717.0,129.87,21.122,36.577,187.569,57.699,36.577
BRATS_009,train,BRATS_277,BRATS_277,1.0,240,240,155,1.0,1.0,1.0,128,169,130,1309.03,0,0.0,0.0,1111.0,1250.0,0.0,19.0,1052.0,1245.0,0.0,17.0,1162.0,2475.0,0.0,12.0,1120.0,1341.0,133.618,34.308,42.366,210.292,76.674,42.366
BRATS_010,test,BRATS_278,BRATS_278,1.0,240,240,155,1.0,1.0,1.0,147,170,140,1579.66,0,0.0,13.0,1072.0,1746.0,0.0,19.0,1021.0,2189.0,0.0,17.0,1067.0,2109.0,0.0,15.0,1097.0,1322.0,15.607,0.413,4.467,20.487,4.88,4.467
BRATS_011,val,BRATS_294,BRATS_294,1.0,240,240,155,1.0,1.0,1.0,137,159,132,1387.46,0,0.0,13.0,1113.0,1689.0,0.0,23.0,1023.0,2161.0,0.0,18.0,1365.0,3335.0,0.0,15.0,1171.0,1732.0,90.802,20.231,26.264,137.297,46.495,26.264
BRATS_012,train,BRATS_287,BRATS_287,1.0,240,240,155,1.0,1.0,1.0,144,171,136,1576.65,0,0.0,0.0,1116.0,2832.0,0.0,5.0,1021.0,3251.0,0.0,2.0,1454.0,2703.0,0.0,3.0,1111.0,1644.0,12.49,8.413,0.708,21.611,9.121,0.708
BRATS_013,train,BRATS_288,BRATS_288,1.0,240,240,155,1.0,1.0,1.0,141,180,128,1513.08,0,0.0,0.0,1106.0,2486.0,0.0,17.0,1025.0,2405.0,0.0,13.0,1413.0,3033.0,0.0,12.0,1132.0,1433.0,7.981,0.31,4.678,12.969,4.988,4.678
BRATS_014,train,BRATS_286,BRATS_286,1.0,240,240,155,1.0,1.0,1.0,139,177,137,1652.93,0,0.0,14.0,1086.0,2645.0,0.0,16.0,1022.0,1914.0,0.0,11.0,1406.0,3311.0,0.0,9.0,1146.0,1475.0,23.688,51.736,72.36,147.784,124.096,72.36
BRATS_015,train,BRATS_280,BRATS_280,1.0,240,240,155,1.0,1.0,1.0,145,183,144,1683.94,0,0.0,9.0,1053.0,1751.0,0.0,16.0,1041.0,2648.0,0.0,8.0,1156.0,1892.0,0.0,9.0,1087.0,1849.0,126.003,11.698,60.991,198.692,72.689,60.991
BRATS_016,train,BRATS_289,BRATS_289,1.0,240,240,155,1.0,1.0,1.0,149,166,142,1541.58,0,0.0,8.0,1212.0,1539.0,0.0,0.0,1041.0,2254.0,0.0,0.0,1345.0,2586.0,0.0,0.0,1091.0,1488.0,50.571,11.726,20.431,82.728,32.157,20.431
BRATS_017,train,BRATS_291,BRATS_291,1.0,240,240,155,1.0,1.0,1.0,144,155,137,1315.13,0,0.0,4.0,1111.0,1730.0,0.0,0.0,1108.0,1617.0,0.0,0.0,1500.0,3875.0,0.0,0.0,1255.0,2006.0,67.268,10.43,23.187,100.885,33.617,23.187
BRATS_018,train,BRATS_276,BRATS_276,1.0,240,240,155,1.0,1.0,1.0,143,165,143,1523.4,0,0.0,0.0,1088.0,1750.0,0.0,8.0,1080.0,2000.0,0.0,0.0,1377.0,2740.0,0.0,4.0,1194.0,1665.0,73.738,45.839,19.677,139.254,65.516,19.677
BRATS_019,train,BRATS_292,BRATS_292,1.0,240,240,155,1.0,1.0,1.0,144,169,135,1432.04,0,0.0,0.0,1150.0,2668.0,0.0,11.0,1142.0,2703.0,0.0,14.0,1446.0,3324.0,0.0,7.0,1167.0,1633.0,113.093,16.411,19.84,149.344,36.251,19.84
BRATS_020,train,BRATS_285,BRATS_285,1.0,240,240,155,1.0,1.0,1.0,157,164,139,1627.63,0,0.0,3.0,1087.0,1513.0,0.0,0.0,1048.0,2000.0,0.0,0.0,1244.0,2585.0,0.0,1.0,1171.0,1819.0,140.933,48.801,67.135,256.869,115.936,67.135
BRATS_021,train,,BRATS_458,0.3718,240,240,155,1.0,1.0,1.0,133,159,133,1311.14,0,0.0,0.0,1138.0,4998.0,0.0,23.0,1051.0,3103.0,0.0,24.0,1084.0,2176.0,0.0,18.0,1096.0,2110.0,10.759,21.024,17.856,49.639,38.88,17.856
BRATS_022,test,BRATS_006;BRATS_283,BRATS_006,0.6383,240,240,155,1.0,1.0,1.0,144,167,133,1513.81,0,0.0,0.0,1044.0,1232.0,0.0,28.0,1017.0,1242.0,0.0,33.0,1023.0,1902.0,0.0,18.0,1060.0,1297.0,147.585,91.1,9.546,248.231,100.646,9.546
BRATS_023,train,,BRATS_288,0.526,240,240,155,1.0,1.0,1.0,145,176,135,1580.7,0,0.0,18.0,1106.0,1471.0,0.0,25.0,1033.0,2076.0,0.0,29.0,1138.0,2857.0,0.0,25.0,1137.0,1469.0,58.585,5.522,0.0,64.107,5.522,0.0
BRATS_024,train,,BRATS_011,0.5128,240,240,155,1.0,1.0,1.0,131,167,131,1431.06,0,0.0,6.0,1100.0,2090.0,0.0,13.0,1021.0,2872.0,0.0,11.0,1151.0,3016.0,0.0,9.0,1148.0,1652.0,25.953,4.487,0.0,30.44,4.487,0.0
BRATS_025,test,,BRATS_283,0.49,240,240,155,1.0,1.0,1.0,151,168,140,1617.41,0,0.0,0.0,1226.0,2307.0,0.0,24.0,1024.0,2454.0,0.0,27.0,1189.0,3442.0,0.0,21.0,1162.0,1594.0,8.737,16.887,0.0,25.624,16.887,0.0
BRATS_026,train,,BRATS_284,0.4746,240,240,155,1.0,1.0,1.0,141,165,130,1351.96,0,0.0,0.0,1184.0,1719.0,0.0,0.0,1030.0,1985.0,0.0,0.0,1403.0,2284.0,0.0,0.0,1136.0,1348.0,18.34,43.406,0.0,61.746,43.406,0.0
BRATS_027,train,,BRATS_030,0.4811,240,240,155,1.0,1.0,1.0,137,163,138,1454.57,0,0.0,8.0,1187.0,1463.0,0.0,0.0,1056.0,1233.0,0.0,0.0,1449.0,3382.0,0.0,0.0,1167.0,1713.0,24.538,28.736,0.0,53.274,28.736,0.0
BRATS_028,val,,BRATS_016,0.4534,240,240,155,1.0,1.0,1.0,149,161,133,1428.58,0,0.0,0.0,1071.0,1989.0,0.0,0.0,1074.0,1691.0,0.0,0.0,1271.0,3143.0,0.0,6.0,1188.0,1647.0,24.327,50.041,5.256,79.624,55.297,5.256
BRATS_029,train,,BRATS_028,0.4429,240,240,155,1.0,1.0,1.0,146,175,132,1541.57,0,0.0,0.0,1059.0,1929.0,0.0,0.0,1069.0,1847.0,0.0,13.0,1299.0,2688.0,0.0,11.0,1193.0,1639.0,9.561,9.329,0.0,18.89,9.329,0.0
BRATS_030,val,,BRATS_027,0.4811,240,240,155,1.0,1.0,1.0,131,171,145,1451.83,0,0.0,0.0,1112.0,1534.0,0.0,0.0,1104.0,1532.0,0.0,0.0,1233.0,3023.0,0.0,5.0,1157.0,1727.0,15.266,20.173,0.0,35.439,20.173,0.0
BRATS_031,test,,BRATS_072,0.4216,240,240,155,1.0,1.0,1.0,144,171,141,1584.65,0,0.0,123.0,1107.0,2444.0,0.0,264.0,1049.0,1984.0,0.0,447.0,1090.0,2136.0,0.0,227.0,1119.0,2843.0,18.697,6.805,6.061,31.563,12.866,6.061
BRATS_032,train,BRATS_091;BRATS_410,BRATS_091,0.5838,240,240,155,1.0,1.0,1.0,145,163,137,1422.14,0,0.0,119.0,1168.0,1469.0,13.0,339.0,1029.0,2037.0,5.0,357.0,1034.0,1903.0,2.0,302.0,1139.0,1373.0,172.784,47.779,4.173,224.736,51.952,4.173
BRATS_033,train,BRATS_383,BRATS_383,1.0,240,240,155,1.0,1.0,1.0,134,160,137,1337.07,0,6.0,124.0,1079.0,1891.0,42.0,316.0,1054.0,2327.0,17.0,362.0,1168.0,1945.0,5.0,112.0,1145.0,1416.0,35.716,28.165,50.134,114.015,78.299,50.134
BRATS_034,train,,BRATS_475,0.4764,240,240,155,1.0,1.0,1.0,147,169,136,1576.63,0,5.0,85.0,1108.0,1676.0,8.0,209.0,1037.0,2656.0,8.0,269.0,1079.0,3831.0,2.0,106.0,1060.0,1173.0,105.39,109.928,0.822,216.14,110.75,0.822
BRATS_035,train,BRATS_384,BRATS_384,1.0,240,240,155,1.0,1.0,1.0,138,171,130,1363.22,0,5.0,111.0,1088.0,1366.0,3.0,163.0,1028.0,2086.0,3.0,242.0,1198.0,3018.0,7.0,87.0,1185.0,1516.0,65.869,7.098,10.83,83.797,17.928,10.83
BRATS_036,val,BRATS_385,BRATS_385,1.0,240,240,155,1.0,1.0,1.0,129,157,129,1125.11,0,1.0,172.0,1116.0,1885.0,6.0,255.0,1122.0,2001.0,10.0,385.0,1131.0,2376.0,2.0,189.0,1122.0,1448.0,66.247,43.993,12.716,122.956,56.709,12.716
BRATS_037,train,BRATS_386,BRATS_386,1.0,240,240,155,1.0,1.0,1.0,147,160,139,1463.98,0,2.0,99.0,1078.0,1651.0,7.0,86.0,1050.0,1586.0,12.0,95.0,1156.0,2307.0,1.0,180.0,1189.0,1850.0,52.743,14.585,18.33,85.658,32.915,18.33
BRATS_038,train,BRATS_387,BRATS_387,1.0,240,240,155,1.0,1.0,1.0,135,161,134,1338.54,0,4.0,130.0,1178.0,2613.0,7.0,306.0,1028.0,2358.0,10.0,274.0,1271.0,2230.0,1.0,184.0,1250.0,1799.0,47.718,21.763,81.453,150.934,103.216,81.453
BRATS_039,val,,BRATS_430,0.4035,240,240,155,1.0,1.0,1.0,130,165,136,1208.72,0,13.0,198.0,1227.0,3451.0,12.0,267.0,1040.0,1703.0,16.0,303.0,1296.0,2545.0,13.0,225.0,1258.0,2158.0,24.208,2.899,9.907,37.014,12.806,9.907
BRATS_040,train,BRATS_388,BRATS_388,1.0,240,240,155,1.0,1.0,1.0,133,159,134,1185.69,0,0.0,111.0,1233.0,1461.0,2.0,263.0,1037.0,2849.0,0.0,220.0,1440.0,3840.0,12.0,152.0,1140.0,1697.0,79.01,13.949,30.195,123.154,44.144,30.195
BRATS_041,val,,BRATS_093,0.2913,240,240,155,1.0,1.0,1.0,146,166,138,1509.49,0,0.0,55.0,1229.0,1846.0,0.0,35.0,1042.0,2142.0,0.0,38.0,1222.0,2645.0,0.0,25.0,1105.0,1458.0,100.397,41.816,12.36,154.573,54.176,12.36
BRATS_042,val,,BRATS_109,0.4469,240,240,155,1.0,1.0,1.0,135,163,136,1257.8,0,0.0,51.0,1197.0,1729.0,0.0,58.0,1065.0,1269.0,6.0,65.0,1081.0,2745.0,1.0,43.0,1366.0,1923.0,20.372,11.848,0.352,32.572,12.2,0.352
BRATS_043,test,BRATS_389,BRATS_389,1.0,240,240,155,1.0,1.0,1.0,150,164,131,1510.34,0,4.0,113.0,1126.0,2381.0,19.0,348.0,1023.0,1974.0,20.0,415.0,1118.0,2127.0,7.0,191.0,1120.0,1477.0,27.078,3.271,10.412,40.761,13.683,10.412
BRATS_044,train,BRATS_390,BRATS_390,1.0,240,240,155,1.0,1.0,1.0,147,165,139,1443.9,0,0.0,84.0,1342.0,2910.0,0.0,139.0,1287.0,3461.0,0.0,167.0,1292.0,2427.0,5.0,85.0,1123.0,2208.0,29.555,2.71,8.021,40.286,10.731,8.021
BRATS_045,train,BRATS_391,BRATS_391,1.0,240,240,155,1.0,1.0,1.0,141,175,137,1462.15,0,4.0,79.0,1346.0,1776.0,6.0,108.0,1025.0,2158.0,8.0,137.0,1282.0,3324.0,0.0,78.0,1088.0,1315.0,45.949,19.049,26.737,91.735,45.786,26.737
BRATS_046,test,BRATS_392,BRATS_392,1.0,240,240,155,1.0,1.0,1.0,139,171,138,1390.66,0,0.0,35.0,1165.0,2215.0,5.0,259.0,1027.0,3054.0,19.0,174.0,1304.0,2130.0,0.0,122.0,1056.0,1559.0,20.15,17.323,78.688,116.161,96.011,78.688
BRATS_047,train,,BRATS_465,0.3464,240,240,155,1.0,1.0,1.0,136,161,139,1337.09,0,5.0,264.0,1145.0,1912.0,23.0,399.0,1112.0,2138.0,39.0,524.84,1199.0,2563.0,0.0,263.0,1223.0,1797.0,77.11,43.138,36.385,156.633,79.523,36.385
BRATS_048,train,BRATS_393,BRATS_393,1.0,240,240,155,1.0,1.0,1.0,145,170,138,1411.85,0,0.0,78.0,1123.0,1437.0,17.0,363.0,1099.0,2482.0,4.0,354.0,1224.0,2440.0,2.0,128.0,1168.0,1610.0,124.698,6.028,32.104,162.83,38.132,32.104
BRATS_049,train,BRATS_394,BRATS_394,1.0,240,240,155,1.0,1.0,1.0,133,168,143,1402.74,0,44.0,182.0,1093.0,1864.0,43.0,297.0,1028.0,1247.0,44.0,361.0,1139.0,1624.0,44.0,134.0,1280.0,2450.0,29.63,7.049,43.633,80.312,50.682,43.633
BRATS_050,train,BRATS_395,BRATS_395,1.0,240,240,155,1.0,1.0,1.0,140,165,136,1375.83,0,0.0,68.0,1600.0,5032.0,3.0,296.0,1249.0,4047.0,6.0,320.0,1319.34,4206.0,2.0,135.0,1183.0,3087.0,30.864,7.099,38.275,76.238,45.374,38.275
BRATS_051,val,BRATS_396,BRATS_396,1.0,240,240,155,1.0,1.0,1.0,138,153,139,1313.28,0,0.0,85.0,1481.0,1756.0,6.0,358.0,1025.0,2237.0,3.0,406.0,1233.0,2992.0,5.0,216.0,1508.0,1718.0,72.568,19.49,19.02,111.078,38.51,19.02
BRATS_052,train,,BRATS_455,0.4183,240,240,155,1.0,1.0,1.0,133,160,138,1350.74,0,0.0,115.0,1146.0,1627.0,5.0,310.0,1043.0,3098.0,6.0,418.0,1058.0,2936.0,2.0,218.0,1098.0,1280.0,48.282,37.169,8.726,94.177,45.895,8.726
BRATS_053,train,BRATS_054;BRATS_055;BRATS_056;BRATS_057;BRATS_058,BRATS_054,0.5882,240,240,155,1.0,1.0,1.0,133,151,137,1251.68,0,5.0,153.0,1228.0,3888.0,15.0,261.0,1149.0,2903.0,12.0,338.0,1331.0,2657.0,5.0,69.0,1276.0,3027.0,52.006,9.715,12.567,74.288,22.282,12.567
BRATS_054,train,BRATS_053;BRATS_055;BRATS_056;BRATS_057;BRATS_058,BRATS_056,0.8943,240,240,155,1.0,1.0,1.0,133,151,137,1251.68,0,11.0,204.0,1096.0,1476.0,36.0,383.0,1032.0,2233.0,34.0,429.0,1265.0,3524.0,5.0,75.0,1189.0,1775.0,104.691,15.356,7.414,127.461,22.77,7.414
BRATS_055,train,BRATS_053;BRATS_054;BRATS_056;BRATS_057;BRATS_058,BRATS_057,0.8801,240,240,155,1.0,1.0,1.0,133,151,137,1251.68,0,2.0,180.0,1085.0,1627.0,48.0,368.0,1041.0,2309.0,43.0,397.0,1323.0,3523.0,3.0,54.0,1084.0,1380.0,128.286,4.992,12.136,145.414,17.128,12.136
BRATS_056,train,BRATS_053;BRATS_054;BRATS_055;BRATS_057;BRATS_058,BRATS_054,0.8943,240,240,155,1.0,1.0,1.0,133,151,137,1251.68,0,16.0,173.0,1086.0,1456.0,29.0,363.0,1058.0,2428.0,38.0,389.0,1263.0,3241.0,12.0,155.0,1191.0,1467.0,131.01,4.991,12.061,148.062,17.052,12.061
BRATS_057,train,BRATS_053;BRATS_054;BRATS_055;BRATS_056;BRATS_058,BRATS_055,0.8801,240,240,155,1.0,1.0,1.0,133,151,137,1251.68,0,0.0,101.0,1171.0,1617.0,17.0,341.0,1052.0,2179.0,22.0,350.0,1376.0,3354.0,0.0,53.0,1134.0,1520.0,118.607,6.604,16.444,141.655,23.048,16.444
BRATS_058,train,BRATS_053;BRATS_054;BRATS_055;BRATS_056;BRATS_057,BRATS_056,0.7175,240,240,155,1.0,1.0,1.0,133,151,137,1251.68,0,0.0,90.0,1133.0,1826.0,10.0,295.0,1079.0,2825.0,0.0,0.0,1221.0,3059.0,0.0,154.0,1239.0,1646.0,124.364,10.581,8.334,143.279,18.915,8.334
BRATS_059,train,,BRATS_409,0.3874,240,240,155,1.0,1.0,1.0,136,174,139,1595.18,0,0.0,75.0,1271.0,2762.0,4.0,177.0,1064.0,2343.0,8.0,195.0,1269.0,2794.0,0.0,72.0,1164.0,1776.0,51.131,17.817,30.621,99.569,48.438,30.621
BRATS_060,train,,BRATS_061,0.3531,240,240,155,1.0,1.0,1.0,151,169,138,1565.25,0,0.0,80.0,1176.0,1864.0,27.0,317.0,1041.0,2778.0,0.0,332.0,1199.0,3199.0,1.0,194.0,1239.0,1493.0,61.07,64.065,24.12,149.255,88.185,24.12
BRATS_061,train,BRATS_397,BRATS_397,1.0,240,240,155,1.0,1.0,1.0,134,167,139,1359.01,0,0.0,69.0,1242.0,1514.0,0.0,223.0,1054.0,2444.0,0.0,160.0,1261.0,2519.0,4.0,105.0,1221.0,1596.0,22.019,29.097,32.631,83.747,61.728,32.631
BRATS_062,test,,BRATS_087,0.3833,240,240,155,1.0,1.0,1.0,144,171,137,1515.29,0,0.0,127.0,1241.0,2742.0,3.0,189.0,1049.0,3317.0,5.0,233.0,1164.0,3817.0,2.0,67.0,1109.0,1683.0,45.258,7.458,4.518,57.234,11.976,4.518
BRATS_063,train,BRATS_398,BRATS_398,1.0,240,240,155,1.0,1.0,1.0,134,175,143,1484.11,0,0.0,61.0,1203.0,1420.0,0.0,103.0,1038.0,2173.0,9.0,148.0,1162.0,2890.0,0.0,62.0,1140.0,1439.0,107.905,27.614,8.266,143.785,35.88,8.266
BRATS_064,test,BRATS_399,BRATS_399,1.0,240,240,155,1.0,1.0,1.0,144,164,135,1439.36,0,10.0,127.0,1083.0,1567.0,36.0,395.0,1117.0,2714.0,23.0,375.0,1179.0,1954.0,11.0,239.0,1117.0,1473.0,59.867,34.595,84.818,179.28,119.413,84.818
BRATS_065,val,BRATS_400,BRATS_400,1.0,240,240,155,1.0,1.0,1.0,148,176,146,1850.81,0,0.0,42.0,1245.0,6476.0,0.0,63.0,1478.0,9751.0,0.0,73.0,1473.0,8979.0,0.0,42.0,1130.0,1507.0,97.832,39.438,28.821,166.091,68.259,28.821
BRATS_066,train,,BRATS_173,0.35,240,240,155,1.0,1.0,1.0,150,174,142,1857.44,0,0.0,60.0,1170.0,1964.0,0.0,117.0,1035.0,2242.0,0.0,141.0,1279.0,2133.0,0.0,32.0,1085.0,1440.0,153.225,28.787,11.596,193.608,40.383,11.596
BRATS_067,train,BRATS_068;BRATS_069;BRATS_070;BRATS_071;BRATS_072;BRATS_073;BRATS_074;BRATS_401,BRATS_401,1.0,240,240,155,1.0,1.0,1.0,143,173,134,1437.95,0,0.0,153.0,1463.0,2073.0,0.0,348.0,1021.0,1704.0,6.0,333.0,1106.0,2576.0,2.0,274.0,1085.0,1256.0,45.591,4.873,4.813,55.277,9.686,4.813
BRATS_068,train,BRATS_067;BRATS_069;BRATS_070;BRATS_071;BRATS_072;BRATS_073;BRATS_074;BRATS_401,BRATS_069,0.9519,240,240,155,1.0,1.0,1.0,143,173,134,1437.95,0,0.0,90.0,1141.0,2205.0,16.0,336.0,1020.0,1850.0,0.0,377.0,1085.0,2756.0,2.0,301.0,1037.0,1212.0,25.432,5.862,0.241,31.535,6.103,0.241
BRATS_069,train,BRATS_067;BRATS_068;BRATS_070;BRATS_071;BRATS_072;BRATS_073;BRATS_074;BRATS_401,BRATS_070,0.9551,240,240,155,1.0,1.0,1.0,143,173,134,1437.95,0,0.0,89.0,1217.0,2255.0,6.0,316.0,1026.0,2087.0,16.0,374.0,1057.0,2519.0,3.0,280.0,1038.0,1220.0,46.835,6.413,0.378,53.626,6.791,0.378
BRATS_070,train,BRATS_067;BRATS_068;BRATS_069;BRATS_071;BRATS_072;BRATS_073;BRATS_074;BRATS_401,BRATS_069,0.9551,240,240,155,1.0,1.0,1.0,143,173,134,1437.95,0,0.0,91.0,1231.0,2252.0,0.0,328.0,1022.0,1858.0,14.0,352.0,1067.0,2535.0,0.0,240.0,1044.0,1172.0,44.926,4.94,0.446,50.312,5.386,0.446
BRATS_071,train,BRATS_067;BRATS_068;BRATS_069;BRATS_070;BRATS_072;BRATS_073;BRATS_074;BRATS_401,BRATS_073,0.9505,240,240,155,1.0,1.0,1.0,143,173,134,1437.95,0,5.0,74.0,1134.0,1645.0,18.0,305.0,1026.0,1974.0,44.0,338.0,1053.0,2520.0,8.0,257.0,1056.0,1203.0,56.542,5.475,0.758,62.775,6.233,0.758
BRATS_072,train,BRATS_067;BRATS_068;BRATS_069;BRATS_070;BRATS_071;BRATS_073;BRATS_074;BRATS_401,BRATS_071,0.9398,240,240,155,1.0,1.0,1.0,143,173,134,1437.95,0,5.0,64.0,1113.0,1662.0,20.0,306.0,1030.0,2026.0,33.0,319.0,1100.0,2691.0,4.0,235.0,1062.0,1420.0,64.425,17.795,11.659,93.879,29.454,11.659
BRATS_073,train,BRATS_067;BRATS_068;BRATS_069;BRATS_070;BRATS_071;BRATS_072;BRATS_074;BRATS_401,BRATS_071,0.9505,240,240,155,1.0,1.0,1.0,143,173,134,1437.95,0,5.0,60.0,1134.0,1528.0,19.0,292.0,1025.0,2104.0,23.0,325.0,1054.0,2355.0,2.0,256.0,1043.0,1184.0,105.05,4.631,0.238,109.919,4.869,0.238
BRATS_074,train,BRATS_067;BRATS_068;BRATS_069;BRATS_070;BRATS_071;BRATS_072;BRATS_073;BRATS_401,BRATS_069,0.8487,240,240,155,1.0,1.0,1.0,143,173,134,1437.95,0,0.0,65.0,1163.0,1609.0,9.0,294.0,1031.0,1807.0,3.0,313.0,1028.0,1893.0,2.0,264.0,1035.0,1210.0,153.727,10.781,1.001,165.509,11.782,1.001
BRATS_075,train,,BRATS_131,0.3899,240,240,155,1.0,1.0,1.0,142,176,133,1535.41,0,4.0,91.0,1220.0,2401.0,0.0,222.0,1138.0,2533.0,36.0,328.0,1178.0,2453.0,7.0,167.0,1174.0,1800.0,70.872,14.348,41.389,126.609,55.737,41.389
BRATS_076,val,,BRATS_034,0.4509,240,240,155,1.0,1.0,1.0,133,161,138,1304.12,0,0.0,107.0,1139.0,1618.0,2.0,269.0,1026.0,2502.0,0.0,347.0,1055.0,3041.0,0.0,136.0,1108.0,1297.0,117.498,82.239,1.248,200.985,83.487,1.248
BRATS_077,train,,BRATS_436,0.4136,240,240,155,1.0,1.0,1.0,135,165,131,1249.6,0,17.0,300.0,1048.0,1919.0,59.0,410.0,1038.0,2108.0,10.0,147.0,1076.0,2647.0,7.0,345.0,1192.0,1770.0,34.113,2.152,0.314,36.579,2.466,0.314
BRATS_078,train,,BRATS_203,0.4662,240,240,155,1.0,1.0,1.0,141,161,137,1406.49,0,0.0,122.0,1272.0,2521.0,0.0,196.0,1068.0,2088.0,3.0,222.0,1195.0,2823.0,0.0,53.0,1136.0,1860.0,72.192,9.219,3.672,85.083,12.891,3.672
BRATS_079,train,BRATS_402,BRATS_402,1.0,240,240,155,1.0,1.0,1.0,136,170,139,1427.77,0,18.0,121.0,1088.0,1819.0,6.0,354.0,1046.0,2109.0,8.0,132.0,1117.0,2594.0,1.0,218.0,1267.0,1936.0,69.428,9.801,9.884,89.113,19.685,9.884
BRATS_080,train,BRATS_403,BRATS_403,1.0,240,240,155,1.0,1.0,1.0,138,152,139,1328.0,0,0.0,125.0,1061.0,2025.0,1.0,202.0,1041.0,2245.0,5.0,234.0,1078.0,2861.0,12.0,150.0,1226.0,1722.0,68.017,35.285,20.704,124.006,55.989,20.704
BRATS_081,val,,BRATS_472,0.3718,240,240,155,1.0,1.0,1.0,142,170,134,1464.79,0,0.0,87.0,1227.0,2000.0,5.0,248.0,1058.0,2042.0,13.0,342.0,1093.0,2316.0,7.0,155.0,1233.0,1473.0,84.369,6.83,14.373,105.572,21.203,14.373
BRATS_082,test,BRATS_404,BRATS_404,1.0,240,240,155,1.0,1.0,1.0,136,168,142,1523.64,0,6.0,79.0,1031.0,1202.0,27.0,297.0,1029.0,1567.0,46.0,341.0,1056.0,1783.0,11.0,154.0,1031.0,1139.0,21.178,2.997,116.726,140.901,119.723,116.726
BRATS_083,train,BRATS_405,BRATS_405,1.0,240,240,155,1.0,1.0,1.0,135,169,139,1404.68,0,8.0,116.0,1182.0,2450.0,19.0,251.0,1033.0,1719.0,16.0,306.0,1114.0,2584.0,17.0,191.0,1191.0,1742.0,42.148,8.107,13.089,63.344,21.196,13.089
BRATS_084,train,BRATS_406,BRATS_406,1.0,240,240,155,1.0,1.0,1.0,134,167,141,1323.77,0,0.0,93.0,1093.0,2290.0,3.0,295.0,1028.0,2597.0,7.0,376.0,1125.0,2506.0,2.0,104.0,1175.0,1376.0,17.77,4.223,6.402,28.395,10.625,6.402
BRATS_085,train,BRATS_407,BRATS_407,1.0,240,240,155,1.0,1.0,1.0,133,169,127,1205.41,0,19.0,92.0,1136.0,1236.0,9.0,207.0,1026.0,1445.0,16.0,221.0,1488.0,2610.0,17.0,122.0,1172.0,1409.0,87.936,1.475,14.904,104.315,16.379,14.904
BRATS_086,test,,BRATS_207,0.3454,240,240,155,1.0,1.0,1.0,160,170,133,1686.85,0,3.0,128.0,1152.0,1989.0,5.0,233.0,1180.0,3033.0,8.0,252.0,1221.0,2700.0,5.0,80.0,1090.0,1668.0,111.331,5.165,7.361,123.857,12.526,7.361
BRATS_087,val,BRATS_408,BRATS_408,1.0,240,240,155,1.0,1.0,1.0,140,173,136,1513.72,0,0.0,52.0,1326.0,1773.0,3.0,79.0,1058.0,1674.0,5.0,91.0,1119.0,3178.0,1.0,54.0,1306.0,1965.0,45.386,11.654,7.838,64.878,19.492,7.838
BRATS_088,train,,BRATS_408,0.5279,240,240,155,1.0,1.0,1.0,140,173,136,1513.72,0,3.0,77.0,1063.0,1722.0,6.0,86.0,1070.0,1820.0,6.0,71.0,1225.0,2366.0,2.0,82.0,1145.0,1640.0,196.547,29.656,27.511,253.714,57.167,27.511
BRATS_089,train,BRATS_409,BRATS_409,1.0,240,240,155,1.0,1.0,1.0,136,175,142,1511.79,0,0.0,61.0,1068.0,1314.0,3.0,213.0,1052.0,3974.0,13.0,187.0,1748.0,2987.0,2.0,115.0,1126.0,1986.0,139.145,13.148,30.043,182.336,43.191,30.043
BRATS_090,train,,BRATS_072,0.4476,240,240,155,1.0,1.0,1.0,143,168,141,1433.21,0,0.0,4.0,1194.0,2505.0,32.0,171.0,1056.0,1818.0,46.0,163.0,1167.0,2475.0,0.0,141.0,1110.0,1629.0,82.575,11.913,10.878,105.366,22.791,10.878
BRATS_091,train,BRATS_032;BRATS_410,BRATS_410,1.0,240,240,155,1.0,1.0,1.0,144,171,133,1523.58,0,2.0,62.0,1153.0,1491.0,16.0,214.0,1048.0,2370.0,16.0,274.0,1197.0,2194.0,8.0,96.0,1126.0,1525.0,73.763,43.995,39.527,157.285,83.522,39.527
BRATS_092,val,,BRATS_126,0.4096,240,240,155,1.0,1.0,1.0,133,170,134,1284.8,0,13.0,103.0,1106.0,1535.0,8.0,184.0,1067.0,1587.0,10.0,138.0,1075.0,2129.0,1.0,175.0,1248.0,1858.0,37.825,72.04,0.324,110.189,72.364,0.324
BRATS_093,train,BRATS_411,BRATS_411,1.0,240,240,155,1.0,1.0,1.0,136,163,137,1379.68,0,0.0,97.0,1103.0,1534.0,0.0,266.0,1032.0,1940.0,0.0,293.0,1133.0,1702.0,0.0,150.0,1198.0,1620.0,77.267,23.876,74.564,175.707,98.44,74.564
BRATS_094,val,BRATS_412,BRATS_412,1.0,240,240,155,1.0,1.0,1.0,132,180,146,1541.62,0,0.0,96.0,1238.0,1605.0,0.0,193.0,1043.0,2421.0,0.0,117.0,1205.0,2816.0,0.0,175.0,1177.0,1597.0,67.726,43.484,53.772,164.982,97.256,53.772
BRATS_095,val,BRATS_413,BRATS_413,1.0,240,240,155,1.0,1.0,1.0,144,166,141,1576.11,0,9.0,73.0,1091.0,2213.0,2.0,44.0,1112.0,2961.0,5.0,55.0,1169.0,3341.0,1.0,37.0,1111.0,1847.0,31.056,1.847,3.395,36.298,5.242,3.395
BRATS_096,train,BRATS_414,BRATS_414,0.9742,240,240,155,1.0,1.0,1.0,130,170,135,1364.12,0,0.0,35.0,1905.0,2906.0,0.0,0.0,1078.0,2263.0,8.0,309.0,1156.0,2272.0,0.0,186.0,1207.0,1858.0,18.588,8.696,48.971,76.255,57.667,48.971
BRATS_097,train,,BRATS_460,0.4502,240,240,155,1.0,1.0,1.0,143,170,138,1473.93,0,12.0,93.0,1104.0,1643.0,48.0,286.0,1203.0,1993.0,19.0,218.0,1319.0,2442.0,25.0,250.0,1102.0,1470.0,91.687,19.696,41.792,153.175,61.488,41.792
BRATS_098,train,BRATS_415,BRATS_415,1.0,240,240,155,1.0,1.0,1.0,136,164,139,1389.96,0,10.0,168.0,1199.0,1837.0,31.0,406.0,1031.0,2328.0,36.0,454.0,1175.0,2693.0,7.0,289.0,1169.0,1498.0,51.519,22.186,15.807,89.512,37.993,15.807
BRATS_099,train,BRATS_416,BRATS_416,1.0,240,240,155,1.0,1.0,1.0,131,167,140,1338.55,0,2.0,140.0,1104.0,1529.0,5.0,128.0,1043.0,1883.0,6.0,222.0,1201.0,2739.0,10.0,185.0,1193.0,2094.0,83.799,15.588,6.064,105.451,21.652,6.064
BRATS_100,test,BRATS_101,BRATS_101,0.6926,240,240,155,1.0,1.0,1.0,153,166,128,1388.0,0,10.0,78.0,1095.0,2316.0,5.0,81.0,1086.0,2626.0,5.0,91.0,1269.0,3129.0,0.0,80.0,1146.0,1741.0,54.086,21.664,12.325,88.075,33.989,12.325
BRATS_101,test,BRATS_100,BRATS_100,0.6926,240,240,155,1.0,1.0,1.0,153,166,128,1388.0,0,12.0,88.0,1107.0,2320.0,6.0,55.0,1332.0,2520.0,0.0,0.0,1218.0,2066.0,1.0,78.0,1151.0,1731.0,46.352,27.663,9.553,83.568,37.216,9.553
BRATS_102,train,BRATS_103;BRATS_418,BRATS_418,1.0,240,240,155,1.0,1.0,1.0,141,149,145,1363.08,0,0.0,92.0,1189.0,2794.0,0.0,152.0,1179.0,2823.0,2.0,200.0,1364.0,3043.0,0.0,63.0,1104.0,1479.0,36.877,7.1,9.873,53.85,16.973,9.873
BRATS_103,train,BRATS_102;BRATS_418,BRATS_102,0.8085,240,240,155,1.0,1.0,1.0,141,149,145,1363.08,0,0.0,94.0,1302.0,3712.0,0.0,158.0,1185.0,2605.0,0.0,166.0,1396.0,2370.0,1.0,64.0,1110.0,1504.0,41.791,30.56,17.118,89.469,47.678,17.118
BRATS_104,train,BRATS_105;BRATS_106;BRATS_107;BRATS_108,BRATS_105,0.8879,240,240,155,1.0,1.0,1.0,136,175,139,1566.25,0,0.0,93.0,1329.0,2522.0,7.0,187.0,1030.0,2577.0,0.0,267.0,1275.0,2414.0,7.0,133.0,1043.0,1315.0,24.123,14.483,8.16,46.766,22.643,8.16
BRATS_105,train,BRATS_104;BRATS_106;BRATS_107;BRATS_108,BRATS_107,0.9134,240,240,155,1.0,1.0,1.0,136,175,139,1566.25,0,0.0,73.0,1232.0,2186.0,6.0,193.0,1039.0,2273.0,3.0,275.0,1283.0,2601.0,4.0,122.0,1040.0,1263.0,71.117,10.113,14.983,96.213,25.096,14.983
BRATS_106,train,BRATS_104;BRATS_105;BRATS_107;BRATS_108,BRATS_105,0.8019,240,240,155,1.0,1.0,1.0,136,175,139,1566.25,0,3.0,74.0,1126.0,1713.0,2.0,156.0,1112.0,2055.0,0.0,205.0,1137.0,2585.0,0.0,83.0,1186.0,2083.0,77.866,14.618,9.172,101.656,23.79,9.172
BRATS_107,train,BRATS_104;BRATS_105;BRATS_106;BRATS_108,BRATS_105,0.9134,240,240,155,1.0,1.0,1.0,136,175,139,1566.25,0,0.0,71.0,1220.0,2253.0,7.0,197.0,1037.0,2488.0,13.0,261.0,1217.0,2846.0,0.0,129.0,1029.0,1378.0,88.398,8.478,2.927,99.803,11.405,2.927
BRATS_108,train,BRATS_104;BRATS_105;BRATS_106;BRATS_107,BRATS_107,0.8527,240,240,155,1.0,1.0,1.0,136,175,139,1566.25,0,4.0,63.0,1123.0,1739.0,4.0,164.0,1033.0,2123.0,6.0,215.0,1123.0,2649.0,3.0,93.0,1100.0,1245.0,110.117,7.114,4.556,121.787,11.67,4.556
BRATS_109,train,BRATS_419,BRATS_419,1.0,240,240,155,1.0,1.0,1.0,134,161,135,1305.17,0,0.0,75.0,1222.0,1647.0,0.0,313.0,1042.0,2365.0,10.0,374.0,1312.0,2564.0,0.0,126.0,1136.0,1414.0,67.401,14.16,23.754,105.315,37.914,23.754
BRATS_110,test,BRATS_420,BRATS_420,1.0,240,240,155,1.0,1.0,1.0,140,176,135,1598.78,0,7.0,149.0,1249.0,1801.0,4.0,242.0,1038.0,2125.0,25.0,339.0,1140.0,2615.0,0.0,148.0,1158.0,1557.0,69.974,4.977,12.802,87.753,17.779,12.802
BRATS_111,train,BRATS_421,BRATS_421,1.0,240,240,155,1.0,1.0,1.0,140,171,135,1511.96,0,10.0,92.0,1154.0,1644.0,21.0,194.0,1073.0,2000.0,14.0,234.0,1131.0,2185.0,7.0,104.0,1116.0,1815.0,72.03,8.156,16.288,96.474,24.444,16.288
BRATS_112,val,,BRATS_063,0.5258,240,240,155,1.0,1.0,1.0,138,166,130,1355.53,0,0.0,65.0,1096.0,1941.0,0.0,107.0,1021.0,2192.0,0.0,145.0,1042.0,2665.0,0.0,55.0,1060.0,1259.0,97.067,57.78,14.338,169.185,72.118,14.338
BRATS_113,val,BRATS_422,BRATS_422,1.0,240,240,155,1.0,1.0,1.0,142,166,132,1477.45,0,6.0,108.0,1098.0,2312.0,22.0,203.0,1032.0,3171.0,8.0,202.0,1252.0,2514.0,1.0,47.0,1168.0,1561.0,93.875,11.564,54.37,159.809,65.934,54.37
BRATS_114,val,BRATS_423,BRATS_423,0.9757,240,240,155,1.0,1.0,1.0,142,168,132,1468.1,0,0.0,27.0,1140.0,2169.0,0.0,0.0,1099.0,4095.0,8.0,233.0,1236.0,3187.0,0.0,77.0,1111.0,1368.0,31.775,19.916,20.919,72.61,40.835,20.919
BRATS_115,train,,BRATS_023,0.3762,240,240,155,1.0,1.0,1.0,139,168,144,1440.13,0,11.0,164.0,1129.0,1800.0,5.0,285.0,1023.0,1647.0,12.0,327.0,1115.0,2644.0,6.0,234.0,1067.0,1288.0,41.617,60.51,0.344,102.471,60.854,0.344
BRATS_116,train,,BRATS_451,0.4897,240,240,155,1.0,1.0,1.0,141,165,139,1401.12,0,7.0,113.0,1049.0,1415.0,17.0,314.0,1028.0,2623.0,12.0,164.0,1055.0,2182.0,14.0,108.0,1054.0,1205.0,106.203,86.948,0.628,193.779,87.576,0.628
BRATS_117,test,,BRATS_398,0.4345,240,240,155,1.0,1.0,1.0,134,172,139,1451.5,0,14.0,122.0,1060.0,1505.0,32.0,309.0,1051.0,2271.0,13.0,227.0,1053.0,2607.0,11.0,110.0,1059.0,1283.0,120.022,114.471,4.45,238.943,118.921,4.45
BRATS_118,train,BRATS_424,BRATS_424,1.0,240,240,155,1.0,1.0,1.0,145,175,138,1599.8,0,2.0,47.0,1146.0,2228.0,14.0,99.0,1041.0,1381.0,5.0,84.0,1100.0,2642.0,2.0,50.0,1074.0,1944.0,94.033,9.43,20.53,123.993,29.96,20.53
BRATS_119,train,,BRATS_420,0.5032,240,240,155,1.0,1.0,1.0,142,175,139,1635.68,0,0.0,202.0,1105.0,2152.0,0.0,285.0,1032.0,2177.0,22.0,422.0,1121.0,3498.0,0.0,223.0,1146.0,1635.0,93.205,19.106,6.168,118.479,25.274,6.168
BRATS_120,train,BRATS_121;BRATS_122;BRATS_123;BRATS_124;BRATS_125,BRATS_121,0.9181,240,240,155,1.0,1.0,1.0,140,171,135,1458.53,0,2.0,96.0,1267.0,2673.0,4.0,169.0,1044.0,2225.0,16.0,245.0,1116.0,2710.0,1.0,48.0,1087.0,1401.0,15.411,12.841,4.048,32.3,16.889,4.048
BRATS_121,train,BRATS_120;BRATS_122;BRATS_123;BRATS_124;BRATS_125,BRATS_122,0.9549,240,240,155,1.0,1.0,1.0,140,171,132,1456.57,0,0.0,58.0,1398.0,3111.0,0.0,143.0,1032.0,2075.0,9.0,230.0,1096.0,2704.0,0.0,40.0,1067.0,1280.0,26.582,13.413,3.736,43.731,17.149,3.736
BRATS_122,train,BRATS_120;BRATS_121;BRATS_123;BRATS_124;BRATS_125,BRATS_121,0.9549,240,240,155,1.0,1.0,1.0,140,171,135,1458.53,0,0.0,62.0,1426.0,3296.0,2.0,159.0,1034.0,2259.0,8.0,222.0,1083.0,2620.0,4.0,43.0,1064.0,1296.0,31.849,6.898,3.705,42.452,10.603,3.705
BRATS_123,train,BRATS_120;BRATS_121;BRATS_122;BRATS_124;BRATS_125,BRATS_122,0.6383,240,240,155,1.0,1.0,1.0,140,171,135,1458.53,0,5.0,138.0,1146.0,1788.0,3.0,167.0,1047.0,2145.0,6.0,234.0,1130.0,2508.0,1.0,58.0,1138.0,1490.0,110.825,25.666,7.387,143.878,33.053,7.387
BRATS_124,train,BRATS_120;BRATS_121;BRATS_122;BRATS_123;BRATS_125,BRATS_125,0.818,240,240,155,1.0,1.0,1.0,140,171,135,1458.53,0,2.0,64.0,1208.0,1831.0,2.0,167.0,1246.0,2161.0,14.0,197.0,1183.0,2262.0,0.0,45.0,1087.0,1246.0,74.222,36.118,26.984,137.324,63.102,26.984
BRATS_125,train,BRATS_120;BRATS_121;BRATS_122;BRATS_123;BRATS_124,BRATS_124,0.818,240,240,155,1.0,1.0,1.0,140,171,135,1458.53,0,3.0,40.0,1265.0,2063.0,7.0,217.0,1205.0,2406.0,7.0,247.0,1264.0,2643.0,3.0,40.0,1057.0,1177.0,56.471,38.125,32.638,127.234,70.763,32.638
BRATS_126,train,,BRATS_161,0.4243,240,240,155,1.0,1.0,1.0,140,165,130,1296.95,0,7.0,95.0,1079.0,1899.0,1.0,142.0,1048.0,1780.0,7.0,122.0,1084.0,2530.0,2.0,236.0,1323.0,2101.0,110.759,19.516,4.076,134.351,23.592,4.076
BRATS_127,train,BRATS_425,BRATS_425,1.0,240,240,155,1.0,1.0,1.0,133,158,128,1174.36,0,0.0,89.0,1521.0,3284.0,3.0,211.0,1034.0,2685.0,0.0,234.0,1411.0,4028.0,2.0,107.0,1155.0,1406.0,22.839,18.851,15.813,57.503,34.664,15.813
BRATS_128,test,,BRATS_171,0.4913,240,240,155,1.0,1.0,1.0,136,168,137,1436.94,0,22.0,105.0,1092.0,2036.0,3.0,94.0,1041.0,1941.0,1.0,73.0,1075.0,2994.0,4.0,109.0,1134.0,1605.0,11.021,9.746,0.099,20.866,9.845,0.099
BRATS_129,train,BRATS_426,BRATS_426,1.0,240,240,155,1.0,1.0,1.0,141,166,134,1402.07,0,8.0,154.0,1115.0,1563.0,28.0,382.0,1036.0,1943.0,0.0,343.0,1310.0,2089.0,6.0,317.0,1107.0,1539.0,139.494,17.023,54.949,211.466,71.972,54.949
BRATS_130,train,,BRATS_230,0.4946,240,240,155,1.0,1.0,1.0,135,171,138,1407.96,0,17.0,87.0,1070.0,1634.0,3.0,161.0,1030.0,1686.0,5.0,66.0,1090.0,2773.0,1.0,53.0,1133.0,1487.0,50.523,5.481,0.132,56.136,5.613,0.132
BRATS_131,train,BRATS_427,BRATS_427,1.0,240,240,155,1.0,1.0,1.0,137,174,137,1530.95,0,7.0,122.0,1100.0,1910.0,15.0,351.0,1107.0,2616.0,13.0,324.0,1241.0,3275.0,8.0,107.0,1110.0,1339.0,128.368,27.979,16.984,173.331,44.963,16.984
BRATS_132,train,BRATS_428,BRATS_428,1.0,240,240,155,1.0,1.0,1.0,132,156,137,1229.7,0,0.0,179.0,1317.0,2073.0,12.0,238.0,1039.0,2508.0,12.0,110.0,1083.0,2125.0,7.0,130.0,1161.0,1821.0,36.841,5.969,22.5,65.31,28.469,22.5
BRATS_133,train,BRATS_134;BRATS_429,BRATS_429,1.0,240,240,155,1.0,1.0,1.0,141,173,136,1489.41,0,13.0,155.0,1345.0,2511.0,14.0,313.0,1025.0,2515.0,22.0,336.0,1291.0,3170.0,6.0,207.0,1138.0,2022.0,46.059,8.035,5.818,59.912,13.853,5.818
BRATS_134,train,BRATS_133;BRATS_429,BRATS_133,0.8014,240,240,155,1.0,1.0,1.0,141,173,136,1489.41,0,18.0,146.0,1213.0,2281.0,20.0,259.0,1029.0,2829.0,15.0,297.0,1035.0,2157.0,5.0,195.0,1097.0,1742.0,51.003,7.73,0.408,59.141,8.138,0.408
BRATS_135,train,,BRATS_194,0.4907,240,240,155,1.0,1.0,1.0,135,174,136,1387.44,0,22.0,91.0,1080.0,2326.0,1.0,131.0,1116.0,1780.0,1.0,110.0,1146.0,3202.0,1.0,69.0,1196.0,2127.0,120.891,47.143,3.384,171.418,50.527,3.384
BRATS_136,train,BRATS_430,BRATS_430,1.0,240,240,155,1.0,1.0,1.0,140,162,133,1246.54,0,13.0,107.0,1085.0,1866.0,2.0,154.0,1042.0,1422.0,9.0,112.0,1113.64,2588.0,4.0,198.0,1287.0,1859.0,58.247,2.437,7.056,67.74,9.493,7.056
BRATS_137,val,BRATS_138;BRATS_139;BRATS_140;BRATS_141;BRATS_431,BRATS_431,1.0,240,240,155,1.0,1.0,1.0,138,168,136,1405.63,0,16.0,81.0,1090.0,2186.0,8.0,83.0,1077.0,2027.0,8.0,80.0,1293.0,2161.0,0.0,53.0,1240.0,2200.0,84.198,38.945,23.877,147.02,62.822,23.877
BRATS_138,val,BRATS_137;BRATS_139;BRATS_140;BRATS_141;BRATS_431,BRATS_139,0.8638,240,240,155,1.0,1.0,1.0,138,168,136,1405.63,0,12.0,98.0,1121.0,2830.0,5.0,49.0,1065.0,1870.0,7.0,48.0,1134.0,2245.0,2.0,61.0,1158.0,1676.0,10.746,1.031,0.994,12.771,2.025,0.994
BRATS_139,val,BRATS_137;BRATS_138;BRATS_140;BRATS_141;BRATS_431,BRATS_138,0.8638,240,240,155,1.0,1.0,1.0,138,168,136,1405.56,0,27.0,95.0,1113.0,2472.0,0.0,0.0,1059.0,1974.0,0.0,57.0,1224.0,2270.0,0.0,64.0,1167.0,1591.0,45.496,23.179,16.986,85.661,40.165,16.986
BRATS_140,val,BRATS_137;BRATS_138;BRATS_139;BRATS_141;BRATS_431,BRATS_141,0.8292,240,240,155,1.0,1.0,1.0,138,168,136,1405.63,0,5.0,57.0,1119.0,2449.0,7.0,50.0,1078.0,2038.0,2.0,59.0,1167.0,2368.0,1.0,56.0,1127.0,1582.0,127.189,20.445,22.473,170.107,42.918,22.473
BRATS_141,val,BRATS_137;BRATS_138;BRATS_139;BRATS_140;BRATS_431,BRATS_140,0.8292,240,240,155,1.0,1.0,1.0,138,168,136,1405.63,0,10.0,62.0,1094.0,2378.0,7.0,62.0,1074.0,2149.0,8.0,57.0,1205.0,2339.0,2.0,61.0,1129.0,1461.0,193.427,38.558,36.756,268.741,75.314,36.756
BRATS_142,val,BRATS_432,BRATS_432,1.0,240,240,155,1.0,1.0,1.0,140,168,140,1560.24,0,0.0,72.0,1114.0,1284.0,4.0,306.0,1034.0,3419.0,0.0,182.0,1282.0,2936.0,0.0,138.0,1039.0,1286.0,90.211,22.38,53.584,166.175,75.964,53.584
BRATS_143,val,,BRATS_040,0.4355,240,240,155,1.0,1.0,1.0,138,159,131,1281.37,0,5.0,137.0,1166.0,1495.0,5.0,151.0,1027.0,1654.0,5.0,233.0,1184.0,3258.0,2.0,82.0,1070.0,1146.0,33.964,81.104,1.43,116.498,82.534,1.43
BRATS_144,test,,BRATS_045,0.4401,240,240,155,1.0,1.0,1.0,146,163,139,1457.01,0,0.0,117.0,1280.0,2355.0,8.0,245.0,1022.0,1976.0,35.0,371.0,1096.0,2800.0,2.0,153.0,1097.0,1537.0,35.592,11.051,4.653,51.296,15.704,4.653
BRATS_145,train,BRATS_433,BRATS_433,1.0,240,240,155,1.0,1.0,1.0,138,167,136,1346.4,0,0.0,121.0,1121.0,2293.0,13.0,325.0,1039.0,2649.0,16.0,298.0,1411.0,3032.0,10.0,210.0,1229.0,1343.0,26.577,42.328,33.15,102.055,75.478,33.15
BRATS_146,train,,BRATS_243,0.4889,240,240,155,1.0,1.0,1.0,137,174,143,1569.53,0,14.0,92.0,1082.0,2149.0,4.0,82.0,1048.0,1970.0,5.0,80.0,1115.0,2904.0,1.0,100.0,1226.0,1852.0,66.865,19.049,0.006,85.92,19.055,0.006
BRATS_147,train,BRATS_148;BRATS_149;BRATS_150;BRATS_151;BRATS_152;BRATS_434,BRATS_434,1.0,240,240,155,1.0,1.0,1.0,143,173,138,1604.72,0,8.0,140.0,1281.0,3934.0,13.0,258.0,1047.0,1991.0,16.0,315.0,1242.0,2411.0,10.0,221.0,1127.0,1903.0,32.397,11.435,20.67,64.502,32.105,20.67
BRATS_148,train,BRATS_147;BRATS_149;BRATS_150;BRATS_151;BRATS_152;BRATS_434,BRATS_149,0.8869,240,240,155,1.0,1.0,1.0,143,173,138,1604.72,0,0.0,109.0,1248.0,2036.0,9.0,270.0,1026.0,1817.0,25.0,333.0,1089.0,2426.0,0.0,200.0,1100.0,1338.0,69.123,14.64,8.394,92.157,23.034,8.394
BRATS_149,train,BRATS_147;BRATS_148;BRATS_150;BRATS_151;BRATS_152;BRATS_434,BRATS_150,0.9395,240,240,155,1.0,1.0,1.0,143,173,138,1604.72,0,0.0,91.0,1217.0,1749.0,0.0,267.0,1023.0,1973.0,11.0,328.0,1034.0,2584.0,0.0,173.0,1086.0,1299.0,105.497,19.02,0.445,124.962,19.465,0.445
BRATS_150,train,BRATS_147;BRATS_148;BRATS_149;BRATS_151;BRATS_152;BRATS_434,BRATS_149,0.9395,240,240,155,1.0,1.0,1.0,143,173,138,1604.72,0,0.0,83.0,1150.0,1822.0,22.0,273.0,1026.0,2007.0,22.0,343.0,1047.0,2458.0,4.0,146.0,1165.0,1453.0,124.893,15.845,3.058,143.796,18.903,3.058
BRATS_151,train,BRATS_147;BRATS_148;BRATS_149;BRATS_150;BRATS_152;BRATS_434,BRATS_152,0.9226,240,240,155,1.0,1.0,1.0,143,173,138,1604.72,0,0.0,81.0,1085.0,1526.0,7.0,236.0,1029.0,2217.0,7.0,240.0,1038.0,2549.0,3.0,127.0,1120.0,1277.0,149.346,14.826,4.43,168.602,19.256,4.43
BRATS_152,train,BRATS_147;BRATS_148;BRATS_149;BRATS_150;BRATS_151;BRATS_434,BRATS_151,0.9226,240,240,155,1.0,1.0,1.0,143,173,138,1604.72,0,0.0,82.0,1082.0,1421.0,9.0,219.0,1035.0,2382.0,13.0,257.0,1063.0,2637.0,5.0,130.0,1091.0,1290.0,170.851,17.012,8.572,196.435,25.584,8.572
BRATS_153,train,,BRATS_260,0.464,240,240,155,1.0,1.0,1.0,142,176,137,1442.08,0,17.0,287.0,1160.0,1563.0,36.0,422.0,1026.0,1920.0,21.0,311.0,1265.0,2842.0,13.0,391.0,1237.0,1831.0,54.962,2.435,3.509,60.906,5.944,3.509
BRATS_154,train,BRATS_156;BRATS_157;BRATS_171;BRATS_226;BRATS_435,BRATS_435,1.0,240,240,155,1.0,1.0,1.0,141,173,139,1565.84,0,3.0,90.0,1082.0,2502.0,5.0,105.0,1101.0,2223.0,5.0,85.0,1195.0,2872.0,1.0,96.0,1205.0,2071.0,36.917,20.756,36.593,94.266,57.349,36.593
BRATS_155,train,,BRATS_154,0.3853,240,240,155,1.0,1.0,1.0,141,173,139,1565.84,0,0.0,60.0,1447.0,2094.0,9.0,199.0,1152.0,2259.0,0.0,200.0,1214.0,1874.0,2.0,107.0,1309.0,1821.0,130.0,50.373,83.377,263.75,133.75,83.377
BRATS_156,train,BRATS_154;BRATS_157;BRATS_171;BRATS_226;BRATS_435,BRATS_157,0.826,240,240,155,1.0,1.0,1.0,141,173,139,1565.84,0,3.0,55.0,1072.0,1740.0,2.0,32.0,1089.0,2128.0,3.0,30.0,1221.0,2078.0,2.0,107.0,1108.0,1773.0,171.595,22.347,28.67,222.612,51.017,28.67
BRATS_157,train,BRATS_154;BRATS_156;BRATS_171;BRATS_226;BRATS_435,BRATS_156,0.826,240,240,155,1.0,1.0,1.0,141,173,139,1565.84,0,2.0,47.0,1078.0,1882.0,3.0,25.0,1097.0,1984.0,1.0,25.0,1124.0,2373.0,1.0,95.0,1105.0,1835.0,148.493,15.173,13.087,176.753,28.26,13.087
BRATS_158,train,BRATS_436,BRATS_436,1.0,240,240,155,1.0,1.0,1.0,136,161,139,1403.7,0,10.0,112.0,1134.0,1925.0,84.0,287.0,1036.0,2158.0,108.0,309.0,1135.0,2852.0,10.0,219.0,1154.02,1463.0,21.792,5.042,22.401,49.235,27.443,22.401
BRATS_159,val,BRATS_437,BRATS_437,1.0,240,240,155,1.0,1.0,1.0,139,169,131,1378.78,0,4.0,98.0,1195.0,1520.0,6.0,328.0,1026.0,1948.0,7.0,330.0,1303.0,2202.0,13.0,257.0,1108.0,1422.0,88.681,11.744,46.747,147.172,58.491,46.747
BRATS_160,train,BRATS_438,BRATS_438,1.0,240,240,155,1.0,1.0,1.0,141,180,137,1515.08,0,0.0,131.0,1176.0,4575.0,4.0,238.0,1032.0,2523.0,0.0,250.0,1370.0,3370.0,0.0,159.0,1105.0,1673.0,8.183,3.384,8.564,20.131,11.948,8.564
BRATS_161,test,,BRATS_079,0.4431,240,240,155,1.0,1.0,1.0,136,174,138,1401.99,0,16.0,110.0,1096.0,1920.0,2.0,137.0,1069.0,1925.0,8.0,144.0,1084.0,2589.0,3.0,137.0,1185.0,2002.0,71.631,35.916,0.12,107.667,36.036,0.12
BRATS_162,train,BRATS_439,BRATS_439,1.0,240,240,155,1.0,1.0,1.0,139,171,137,1512.24,0,6.0,97.0,1203.0,2462.0,24.0,367.0,1020.0,1408.0,18.0,371.0,1134.0,2841.0,7.0,238.0,1157.0,1611.0,66.373,3.314,10.08,79.767,13.394,10.08
BRATS_163,train,,BRATS_230,0.412,240,240,155,1.0,1.0,1.0,137,161,139,1323.61,0,6.0,96.0,1071.0,2108.0,7.0,99.0,1064.0,1547.0,10.0,97.0,1095.0,3047.0,2.0,82.0,1216.0,1835.0,23.122,53.3,1.931,78.353,55.231,1.931
BRATS_164,train,BRATS_440,BRATS_440,1.0,240,240,155,1.0,1.0,1.0,137,162,130,1236.76,0,11.0,84.0,1100.0,1489.0,7.0,62.0,1062.0,1446.0,7.0,67.0,1264.0,2646.0,2.0,151.0,1167.0,1675.0,53.568,1.654,18.368,73.59,20.022,18.368
BRATS_165,train,BRATS_441,BRATS_441,1.0,240,240,155,1.0,1.0,1.0,140,172,138,1479.28,0,0.0,55.0,1066.0,2799.0,28.0,203.0,1047.0,1233.0,23.0,230.0,1235.0,3375.0,0.0,173.0,1215.0,1478.0,146.896,6.675,10.89,164.461,17.565,10.89
BRATS_166,test,BRATS_442,BRATS_442,1.0,240,240,155,1.0,1.0,1.0,139,173,140,1548.4,0,0.0,98.0,1409.0,2187.0,6.0,356.0,1022.0,2317.0,9.0,398.0,1206.0,2215.0,0.0,212.0,1139.0,1546.0,41.544,16.347,39.042,96.933,55.389,39.042
BRATS_167,test,BRATS_443,BRATS_443,1.0,240,240,155,1.0,1.0,1.0,142,163,137,1451.96,0,0.0,47.0,1287.0,2626.0,4.0,344.0,1022.0,3015.0,0.0,207.0,1261.0,3152.0,0.0,187.0,1028.0,1265.0,11.202,2.546,8.835,22.583,11.381,8.835
BRATS_168,test,BRATS_444,BRATS_444,1.0,240,240,155,1.0,1.0,1.0,143,169,137,1435.67,0,0.0,163.0,1143.0,2517.0,0.0,0.0,1075.0,2711.0,29.0,420.0,1048.0,2715.0,8.0,234.0,1204.0,1754.0,36.291,0.688,3.475,40.454,4.163,3.475
BRATS_169,val,,BRATS_435,0.4686,240,240,155,1.0,1.0,1.0,137,170,141,1538.42,0,10.0,100.0,1105.0,1865.0,4.0,47.0,1078.0,2080.0,8.0,52.0,1133.0,3638.0,1.0,167.0,1127.0,1579.0,45.07,42.316,0.026,87.412,42.342,0.026
BRATS_170,test,,BRATS_135,0.4633,240,240,155,1.0,1.0,1.0,140,166,138,1451.07,0,3.0,135.0,1081.0,1587.0,6.0,435.0,1026.0,1639.0,10.0,238.0,1087.0,2530.0,1.0,307.0,1214.0,1833.0,127.777,31.357,0.023,159.157,31.38,0.023
BRATS_171,train,BRATS_154;BRATS_156;BRATS_157;BRATS_226;BRATS_435,BRATS_435,0.5526,240,240,155,1.0,1.0,1.0,140,172,141,1577.5,0,15.0,105.0,1055.0,1903.0,8.0,95.0,1066.0,1861.0,7.0,86.0,1113.0,3443.0,2.0,201.0,1210.0,1883.0,8.042,10.504,2.049,20.595,12.553,2.049
BRATS_172,train,BRATS_445,BRATS_445,1.0,240,240,155,1.0,1.0,1.0,137,158,141,1273.97,0,0.0,69.0,1095.0,1196.0,47.0,318.0,1031.0,2145.0,54.0,394.0,1261.0,2632.0,10.0,141.0,1185.0,1456.0,99.125,9.16,35.681,143.966,44.841,35.681
BRATS_173,train,BRATS_446,BRATS_446,1.0,240,240,155,1.0,1.0,1.0,145,168,137,1560.7,0,3.0,88.0,1058.0,1439.0,15.0,371.0,1024.0,1960.0,27.0,335.0,1508.0,2794.0,0.0,283.0,1069.0,1435.0,134.993,13.642,30.673,179.308,44.315,30.673
BRATS_174,train,BRATS_447,BRATS_447,1.0,240,240,155,1.0,1.0,1.0,134,167,137,1404.22,0,4.0,141.0,1333.0,1780.0,15.0,406.0,1027.0,1876.0,49.0,485.0,1145.0,2229.0,2.0,284.0,1195.0,1721.0,47.888,26.728,31.07,105.686,57.798,31.07
BRATS_175,train,BRATS_176;BRATS_177;BRATS_178;BRATS_179;BRATS_180,BRATS_176,0.9502,240,240,155,1.0,1.0,1.0,134,167,137,1404.22,0,17.0,119.0,1079.0,1555.0,31.0,407.0,1026.0,1360.0,37.0,428.0,1066.0,2342.0,10.0,264.0,1165.0,1683.0,7.806,0.672,0.0,8.478,0.672,0.0
BRATS_176,train,BRATS_175;BRATS_177;BRATS_178;BRATS_179;BRATS_180,BRATS_175,0.9502,240,240,155,1.0,1.0,1.0,134,167,137,1404.22,0,11.0,119.0,1082.0,1550.0,22.0,403.0,1027.0,1262.0,16.0,422.0,1066.0,2239.0,9.0,260.0,1152.0,1626.0,9.446,0.991,0.0,10.437,0.991,0.0
BRATS_177,train,BRATS_175;BRATS_176;BRATS_178;BRATS_179;BRATS_180,BRATS_178,0.9531,240,240,155,1.0,1.0,1.0,134,167,137,1404.22,0,19.0,291.0,1092.0,2100.0,11.0,374.0,1037.0,1804.0,11.0,407.0,1148.0,3321.0,4.0,244.0,1142.0,1607.0,12.753,0.094,0.0,12.847,0.094,0.0
BRATS_178,train,BRATS_175;BRATS_176;BRATS_177;BRATS_179;BRATS_180,BRATS_177,0.9531,240,240,155,1.0,1.0,1.0,134,167,137,1404.22,0,21.0,305.0,1095.0,1869.0,33.0,365.0,1035.0,1678.0,21.0,399.0,1196.0,3395.0,5.0,228.0,1134.0,1672.0,16.117,0.389,0.0,16.506,0.389,0.0
BRATS_179,train,BRATS_175;BRATS_176;BRATS_177;BRATS_178;BRATS_180,BRATS_178,0.9432,240,240,155,1.0,1.0,1.0,134,167,137,1404.22,0,10.0,241.0,1098.0,1841.0,29.0,342.0,1040.0,1787.0,39.0,364.0,1189.0,3197.0,9.0,227.0,1124.0,1582.0,20.653,1.632,1.751,24.036,3.383,1.751
BRATS_180,train,BRATS_175;BRATS_176;BRATS_177;BRATS_178;BRATS_179,BRATS_179,0.7745,240,240,155,1.0,1.0,1.0,134,167,137,1404.22,0,10.0,95.0,1112.0,1910.0,12.0,92.0,1038.0,1434.0,5.0,78.0,1270.0,2517.0,4.0,231.0,1138.0,1613.0,38.999,15.876,17.816,72.691,33.692,17.816
BRATS_181,train,BRATS_448,BRATS_448,1.0,240,240,155,1.0,1.0,1.0,150,160,140,1553.54,0,0.0,79.0,1063.0,1200.0,2.0,319.0,1033.0,1961.0,45.0,405.0,1107.0,2340.0,0.0,220.0,1065.0,1458.0,168.281,22.243,34.734,225.258,56.977,34.734
BRATS_182,train,BRATS_449,BRATS_449,1.0,240,240,155,1.0,1.0,1.0,134,172,139,1368.68,0,0.0,78.0,1233.0,1884.0,0.0,128.0,1054.0,2480.0,5.0,152.0,1315.0,2880.0,0.0,92.0,1176.0,1425.0,70.337,34.148,40.193,144.678,74.341,40.193
BRATS_183,train,BRATS_184;BRATS_185;BRATS_186;BRATS_187;BRATS_188;BRATS_189,BRATS_184,0.9452,240,240,155,1.0,1.0,1.0,134,172,139,1368.68,0,9.0,56.0,1187.0,2330.0,6.0,34.0,1109.0,2104.0,2.0,32.0,1173.0,2594.0,1.0,58.8,1127.0,1672.0,9.315,6.682,0.65,16.647,7.332,0.65
BRATS_184,train,BRATS_183;BRATS_185;BRATS_186;BRATS_187;BRATS_188;BRATS_189,BRATS_185,0.9622,240,240,155,1.0,1.0,1.0,134,172,139,1368.68,0,17.0,64.0,1173.0,2316.0,4.0,37.0,1113.0,2136.0,2.0,35.0,1181.0,2509.0,2.0,56.0,1132.0,1637.0,19.829,8.967,0.658,29.454,9.625,0.658
BRATS_185,train,BRATS_183;BRATS_184;BRATS_186;BRATS_187;BRATS_188;BRATS_189,BRATS_186,0.9786,240,240,155,1.0,1.0,1.0,134,172,139,1368.68,0,13.0,66.0,1188.0,2398.0,4.0,28.0,1110.0,2233.0,3.0,30.0,1149.0,2358.0,1.0,54.0,1153.0,1678.0,23.115,8.594,0.108,31.817,8.702,0.108
BRATS_186,train,BRATS_183;BRATS_184;BRATS_185;BRATS_187;BRATS_188;BRATS_189,BRATS_185,0.9786,240,240,155,1.0,1.0,1.0,134,172,139,1368.68,0,3.0,60.0,1174.0,2201.0,10.0,70.0,1124.0,2107.0,5.0,75.0,1184.0,2627.0,1.0,59.0,1140.0,1610.0,23.094,9.222,0.146,32.462,9.368,0.146
BRATS_187,train,BRATS_183;BRATS_184;BRATS_185;BRATS_186;BRATS_188;BRATS_189,BRATS_185,0.9622,240,240,155,1.0,1.0,1.0,134,172,139,1368.68,0,3.0,95.0,1241.0,2292.0,8.0,42.0,1107.0,2318.0,4.0,25.0,1118.0,2268.0,2.0,56.0,1144.0,1686.0,32.413,7.308,0.108,39.829,7.416,0.108
BRATS_188,train,BRATS_183;BRATS_184;BRATS_185;BRATS_186;BRATS_187;BRATS_189,BRATS_186,0.9496,240,240,155,1.0,1.0,1.0,134,172,139,1368.67,0,0.0,66.0,1188.0,2578.0,0.0,46.0,1137.0,2810.0,3.0,45.0,1186.0,2745.0,0.0,52.0,1159.0,1716.0,23.506,12.22,0.098,35.824,12.318,0.098
BRATS_189,train,BRATS_183;BRATS_184;BRATS_185;BRATS_186;BRATS_187;BRATS_188,BRATS_187,0.8518,240,240,155,1.0,1.0,1.0,134,172,139,1368.38,0,0.0,109.0,1272.0,2313.0,0.0,189.0,1072.0,2138.0,0.0,149.0,1154.0,2865.0,0.0,49.0,1151.0,1989.0,31.21,5.932,0.494,37.636,6.426,0.494
BRATS_190,train,BRATS_450,BRATS_450,1.0,240,240,155,1.0,1.0,1.0,135,162,132,1223.32,0,0.0,112.0,1365.0,2004.0,8.0,195.0,1036.0,2564.0,0.0,190.0,1143.0,3238.0,2.0,117.0,1249.0,1883.0,52.961,11.91,19.955,84.826,31.865,19.955
BRATS_191,val,BRATS_451,BRATS_451,1.0,240,240,155,1.0,1.0,1.0,142,157,131,1259.03,0,0.0,102.0,1090.0,1436.0,7.0,305.0,1032.0,2443.0,0.0,330.0,1356.0,2660.0,5.0,171.0,1093.0,1411.0,122.115,19.933,41.422,183.47,61.355,41.422
BRATS_192,train,,BRATS_164,0.4006,240,240,155,1.0,1.0,1.0,142,157,131,1259.03,0,8.0,81.0,1092.0,1913.0,4.0,33.0,1086.0,1394.0,6.0,46.0,1138.0,2506.0,1.0,218.0,1137.0,1595.0,79.934,10.317,6.527,96.778,16.844,6.527
BRATS_193,test,BRATS_452,BRATS_452,1.0,240,240,155,1.0,1.0,1.0,146,165,136,1467.15,0,0.0,75.0,1192.0,1878.0,3.0,199.0,1070.0,2867.0,4.0,206.0,1237.0,2189.0,0.0,96.0,1122.0,1300.0,14.49,15.279,41.53,71.299,56.809,41.53
BRATS_194,train,,BRATS_135,0.4907,240,240,155,1.0,1.0,1.0,139,164,131,1301.35,0,20.0,100.0,1087.0,1579.0,2.0,139.0,1080.0,1792.0,8.0,116.0,1148.0,3030.0,3.0,159.0,1252.0,2026.0,74.207,16.119,0.806,91.132,16.925,0.806
BRATS_195,train,BRATS_453,BRATS_453,1.0,240,240,155,1.0,1.0,1.0,135,157,144,1385.31,0,15.0,210.0,1093.0,1423.0,31.0,362.0,1031.0,1738.0,0.0,489.0,1115.0,2318.0,20.0,274.0,1142.0,1827.0,95.011,4.123,11.104,110.238,15.227,11.104
BRATS_196,train,,BRATS_421,0.3212,240,240,155,1.0,1.0,1.0,151,176,135,1716.6,0,0.0,69.0,1098.0,1686.0,4.0,133.0,1145.0,2361.0,4.0,174.0,1192.0,2975.0,2.0,41.0,1134.0,1546.0,153.499,10.852,2.79,167.141,13.642,2.79
BRATS_197,val,,BRATS_251,0.401,240,240,155,1.0,1.0,1.0,148,179,136,1508.84,0,0.0,58.0,1183.0,1704.0,0.0,171.0,1046.0,2668.0,10.0,212.0,1170.0,3215.0,1.0,109.0,1046.0,1231.0,70.194,38.935,4.158,113.287,43.093,4.158
BRATS_198,val,,BRATS_409,0.4151,240,240,155,1.0,1.0,1.0,139,173,142,1538.25,0,11.0,272.0,1102.0,1337.0,40.0,463.0,1023.0,1526.0,10.0,285.0,1081.0,2346.0,6.0,198.0,1067.0,1163.0,73.529,104.9,2.593,181.022,107.493,2.593
BRATS_199,train,BRATS_454,BRATS_454,1.0,240,240,155,1.0,1.0,1.0,144,170,138,1544.42,0,18.0,73.0,1100.0,1718.0,4.0,53.0,1069.0,1593.0,9.0,62.0,1171.0,2851.0,2.0,147.0,1105.0,1503.0,29.453,11.766,14.939,56.158,26.705,14.939
BRATS_200,train,BRATS_201;BRATS_202;BRATS_203;BRATS_204;BRATS_205;BRATS_206;BRATS_455,BRATS_455,1.0,240,240,155,1.0,1.0,1.0,136,172,130,1349.89,0,0.0,58.0,1105.0,1327.0,0.0,147.0,1038.0,1733.0,0.0,227.0,1155.0,2992.0,0.0,61.0,1278.0,1644.0,120.984,18.168,20.097,159.249,38.265,20.097
BRATS_201,train,BRATS_200;BRATS_202;BRATS_203;BRATS_204;BRATS_205;BRATS_206;BRATS_455,BRATS_205,0.6546,240,240,155,1.0,1.0,1.0,136,172,130,1349.89,0,0.0,63.0,1114.0,1914.0,32.0,206.0,1089.0,2811.0,8.0,251.0,1312.0,3129.0,4.0,107.0,1237.0,1510.0,97.686,32.115,26.546,156.347,58.661,26.546
BRATS_202,train,BRATS_200;BRATS_201;BRATS_203;BRATS_204;BRATS_205;BRATS_206;BRATS_455,BRATS_455,0.8033,240,240,155,1.0,1.0,1.0,136,172,130,1349.89,0,0.0,54.0,1106.0,1384.0,0.0,155.0,1063.0,2402.0,0.0,240.0,1313.0,4650.0,0.0,61.0,1277.0,1555.0,155.142,37.517,22.833,215.492,60.35,22.833
BRATS_203,train,BRATS_200;BRATS_201;BRATS_202;BRATS_204;BRATS_205;BRATS_206;BRATS_455,BRATS_204,0.7943,240,240,155,1.0,1.0,1.0,136,172,130,1349.89,0,0.0,57.0,1150.0,1890.0,0.0,156.0,1034.0,2233.0,0.0,243.0,1144.0,2514.0,0.0,64.0,1129.0,1521.0,99.27,17.447,9.779,126.496,27.226,9.779
BRATS_204,train,BRATS_200;BRATS_201;BRATS_202;BRATS_203;BRATS_205;BRATS_206;BRATS_455,BRATS_205,0.8251,240,240,155,1.0,1.0,1.0,136,172,130,1349.89,0,0.0,37.0,1138.0,2466.0,33.0,211.0,1043.0,2695.0,21.0,285.0,1234.0,3314.0,23.0,100.0,1063.0,1456.0,70.633,17.187,15.615,103.435,32.802,15.615
BRATS_205,train,BRATS_200;BRATS_201;BRATS_202;BRATS_203;BRATS_204;BRATS_206;BRATS_455,BRATS_204,0.8251,240,240,155,1.0,1.0,1.0,136,172,130,1349.89,0,0.0,38.0,1127.0,1915.0,29.0,231.0,1033.0,2694.0,25.0,272.0,1331.0,2858.0,13.0,96.0,1249.0,1485.0,95.74,18.897,28.175,142.812,47.072,28.175
BRATS_206,train,BRATS_200;BRATS_201;BRATS_202;BRATS_203;BRATS_204;BRATS_205;BRATS_455,BRATS_202,0.8018,240,240,155,1.0,1.0,1.0,136,172,130,1349.89,0,0.0,49.0,1089.0,1275.0,0.0,208.0,1057.0,2370.0,8.0,208.0,1302.0,2909.0,0.0,101.0,1224.0,1506.0,216.095,25.106,25.735,266.936,50.841,25.735
BRATS_207,train,,BRATS_082,0.5189,240,240,155,1.0,1.0,1.0,138,170,134,1421.58,0,0.0,83.0,1204.0,1832.0,0.0,208.0,1065.0,2986.0,0.0,251.0,1203.0,2997.0,0.0,76.0,1119.0,1746.0,161.325,31.339,8.634,201.298,39.973,8.634
BRATS_208,train,BRATS_209;BRATS_210;BRATS_211;BRATS_212;BRATS_213;BRATS_214;BRATS_215;BRATS_216,BRATS_209,0.8177,240,240,155,1.0,1.0,1.0,138,170,134,1421.58,0,5.0,115.0,1235.0,1907.0,19.0,265.0,1035.0,2047.0,12.0,319.0,1319.0,2741.0,3.0,47.0,1096.0,1524.0,27.992,18.522,20.24,66.754,38.762,20.24
BRATS_209,train,BRATS_208;BRATS_210;BRATS_211;BRATS_212;BRATS_213;BRATS_214;BRATS_215;BRATS_216,BRATS_210,0.8786,240,240,155,1.0,1.0,1.0,138,170,134,1421.58,0,0.0,162.0,1109.0,2001.0,32.0,316.0,1032.0,1915.0,37.0,358.0,1302.0,2957.0,5.0,120.0,1142.0,1289.0,35.657,17.573,20.014,73.244,37.587,20.014
BRATS_210,train,BRATS_208;BRATS_209;BRATS_211;BRATS_212;BRATS_213;BRATS_214;BRATS_215;BRATS_216,BRATS_211,0.8979,240,240,155,1.0,1.0,1.0,138,170,134,1421.58,0,6.0,114.0,1176.0,1735.0,29.0,312.0,1036.0,1899.0,35.0,351.0,1318.0,3197.0,8.0,119.0,1090.0,1203.0,62.134,11.59,21.854,95.578,33.444,21.854
BRATS_211,train,BRATS_208;BRATS_209;BRATS_210;BRATS_212;BRATS_213;BRATS_214;BRATS_215;BRATS_216,BRATS_212,0.9636,240,240,155,1.0,1.0,1.0,138,170,134,1421.58,0,0.0,152.0,1079.0,1865.0,25.0,318.0,1033.0,1836.0,47.0,359.79,1228.0,3142.0,17.0,120.0,1065.0,1228.0,34.95,9.153,14.167,58.27,23.32,14.167
BRATS_212,train,BRATS_208;BRATS_209;BRATS_210;BRATS_211;BRATS_213;BRATS_214;BRATS_215;BRATS_216,BRATS_211,0.9636,240,240,155,1.0,1.0,1.0,138,170,134,1421.58,0,1.0,159.0,1092.0,1877.0,43.0,323.0,1035.0,1739.0,29.0,361.0,1235.42,2476.0,13.0,118.0,1072.0,1188.0,42.405,7.677,13.148,63.23,20.825,13.148
BRATS_213,train,BRATS_208;BRATS_209;BRATS_210;BRATS_211;BRATS_212;BRATS_214;BRATS_215;BRATS_216,BRATS_215,0.8423,240,240,155,1.0,1.0,1.0,138,170,134,1421.58,0,11.0,107.0,1113.0,1814.0,12.0,330.0,1047.0,2274.0,39.0,296.0,1243.0,3461.0,2.0,31.0,1062.0,1196.0,52.279,6.363,6.793,65.435,13.156,6.793
BRATS_214,train,BRATS_208;BRATS_209;BRATS_210;BRATS_211;BRATS_212;BRATS_213;BRATS_215;BRATS_216,BRATS_215,0.9561,240,240,155,1.0,1.0,1.0,138,170,134,1421.58,0,0.0,49.0,1103.0,2208.0,38.0,312.0,1053.0,2496.0,30.0,358.0,1205.0,2630.0,13.0,111.0,1066.0,1173.0,44.55,6.368,9.868,60.786,16.236,9.868
BRATS_215,train,BRATS_208;BRATS_209;BRATS_210;BRATS_211;BRATS_212;BRATS_213;BRATS_214;BRATS_216,BRATS_214,0.9561,240,240,155,1.0,1.0,1.0,138,170,134,1421.58,0,0.0,135.0,1103.0,2116.0,28.0,301.0,1044.0,2353.0,35.0,304.0,1155.0,3781.0,12.0,120.0,1058.0,1198.0,48.718,7.404,7.116,63.238,14.52,7.116
BRATS_216,train,BRATS_208;BRATS_209;BRATS_210;BRATS_211;BRATS_212;BRATS_213;BRATS_214;BRATS_215,BRATS_214,0.9314,240,240,155,1.0,1.0,1.0,138,170,134,1421.58,0,0.0,129.0,1092.0,1840.0,31.0,330.0,1031.0,2212.0,26.0,355.0,1155.0,2219.0,16.0,96.0,1051.0,1153.0,39.925,7.646,7.195,54.766,14.841,7.195
BRATS_217,train,BRATS_456,BRATS_456,1.0,240,240,155,1.0,1.0,1.0,139,167,140,1514.75,0,0.0,74.0,1114.0,1418.0,19.0,368.0,1031.0,2610.0,13.0,378.0,1261.0,2315.0,6.0,227.0,1129.0,1273.0,160.462,17.253,41.13,218.845,58.383,41.13
BRATS_218,train,,BRATS_003,0.2516,240,240,155,1.0,1.0,1.0,138,181,145,1556.95,0,22.0,244.0,1135.0,2432.0,0.0,404.0,1043.0,1922.0,12.0,218.0,1074.0,2476.0,0.0,171.0,1104.0,1239.0,33.515,101.17,4.114,138.799,105.284,4.114
BRATS_219,val,,BRATS_042,0.3624,240,240,155,1.0,1.0,1.0,133,155,133,1216.91,0,0.0,103.0,1312.0,2133.0,0.0,238.0,1031.0,2276.0,7.0,278.0,1442.0,2711.0,1.0,112.0,1106.0,1455.0,53.852,14.211,32.491,100.554,46.702,32.491
BRATS_220,train,BRATS_457,BRATS_457,1.0,240,240,155,1.0,1.0,1.0,140,169,141,1517.99,0,14.0,95.0,1155.0,1619.0,50.0,287.0,1081.0,2316.0,6.0,145.0,1101.0,2987.0,12.0,274.0,1058.0,1399.0,91.747,2.152,2.768,96.667,4.92,2.768
BRATS_221,train,,BRATS_146,0.455,240,240,155,1.0,1.0,1.0,141,174,141,1653.68,0,12.0,126.0,1080.0,2548.0,7.0,197.0,1056.0,1790.0,8.0,165.0,1164.0,4115.0,4.0,224.0,1202.0,2670.0,42.605,17.492,15.51,75.607,33.002,15.51
BRATS_222,train,BRATS_458,BRATS_458,1.0,240,240,155,1.0,1.0,1.0,142,159,138,1369.39,0,0.0,55.0,1173.0,2264.0,7.0,97.0,1061.0,1442.0,17.0,150.0,1097.0,2129.0,0.0,77.0,1105.0,1677.0,67.698,5.418,5.158,78.274,10.576,5.158
BRATS_223,train,,BRATS_126,0.4136,240,240,155,1.0,1.0,1.0,140,171,135,1403.71,0,12.0,97.0,1086.0,1559.0,2.0,348.0,1089.0,1643.0,4.0,64.0,1223.0,2250.0,6.0,223.0,1260.0,1929.0,202.099,45.345,17.81,265.254,63.155,17.81
BRATS_224,test,BRATS_459,BRATS_459,1.0,240,240,155,1.0,1.0,1.0,138,172,140,1511.28,0,0.0,131.0,1083.0,2131.0,0.0,292.0,1042.0,2388.0,0.0,385.0,1229.0,2516.0,2.0,157.0,1172.0,1823.0,18.283,1.491,1.591,21.365,3.082,1.591
BRATS_225,test,BRATS_460,BRATS_460,1.0,240,240,155,1.0,1.0,1.0,139,165,142,1479.46,0,5.0,84.0,1105.0,1505.0,0.0,206.0,1042.0,2517.0,35.0,329.0,1169.0,2102.0,14.0,156.0,1128.0,1303.0,54.587,30.054,64.294,148.935,94.348,64.294
BRATS_226,train,BRATS_154;BRATS_156;BRATS_157;BRATS_171;BRATS_435,BRATS_435,0.5802,240,240,155,1.0,1.0,1.0,136,165,141,1488.89,0,16.0,95.0,1054.0,1904.0,5.0,101.0,1083.0,1638.0,2.0,87.0,1119.0,4225.0,2.0,100.0,1186.0,1842.0,51.564,9.901,0.0,61.465,9.901,0.0
BRATS_227,train,BRATS_228,BRATS_228,0.8444,240,240,155,1.0,1.0,1.0,131,168,131,1220.9,0,6.0,117.0,1417.0,2217.0,14.0,166.0,1036.0,2440.0,15.0,197.0,1078.0,2707.0,6.0,91.0,1305.0,1954.0,79.501,24.753,6.584,110.838,31.337,6.584
BRATS_228,train,BRATS_227,BRATS_227,0.8444,240,240,155,1.0,1.0,1.0,131,168,131,1220.9,0,0.0,118.0,1218.01,4166.0,0.0,165.0,1051.0,2569.0,0.0,205.0,1220.0,3269.0,0.0,73.0,1350.0,2486.0,85.436,13.238,18.414,117.088,31.652,18.414
BRATS_229,train,BRATS_461,BRATS_461,1.0,240,240,155,1.0,1.0,1.0,140,166,141,1432.0,0,0.0,49.0,1221.0,2014.0,6.0,259.0,1025.0,2897.0,0.0,213.0,1250.0,2185.0,6.0,141.0,1128.0,1426.0,77.171,41.631,48.023,166.825,89.654,48.023
BRATS_230,train,,BRATS_130,0.4946,240,240,155,1.0,1.0,1.0,133,172,137,1353.01,0,16.0,97.0,1086.0,1778.0,3.0,123.0,1050.0,1894.0,7.0,127.0,1093.0,3102.0,1.0,114.0,1254.0,1954.0,19.316,8.796,0.157,28.269,8.953,0.157
BRATS_231,val,,BRATS_173,0.2909,240,240,155,1.0,1.0,1.0,135,144,140,1191.18,0,6.0,96.0,1152.0,2101.0,16.0,321.0,1358.0,2505.0,13.0,352.0,1517.0,2654.0,6.0,170.0,1223.0,1746.0,106.61,3.159,6.823,116.592,9.982,6.823
BRATS_232,val,BRATS_462,BRATS_462,1.0,240,240,155,1.0,1.0,1.0,145,161,136,1449.49,0,0.0,170.0,1154.0,2582.0,16.0,402.0,1025.0,1589.0,55.0,484.0,1087.0,2883.0,9.0,311.0,1163.0,1497.0,27.792,0.474,0.943,29.209,1.417,0.943
BRATS_233,train,,BRATS_259,0.4344,240,240,155,1.0,1.0,1.0,134,176,135,1377.38,0,8.0,289.0,1210.0,1680.0,19.0,323.0,1034.0,1886.0,19.0,345.0,1071.0,2267.0,8.0,272.0,1232.0,1787.0,38.311,12.562,0.515,51.388,13.077,0.515
BRATS_234,train,BRATS_463,BRATS_463,1.0,240,240,155,1.0,1.0,1.0,148,153,132,1357.04,0,0.0,71.0,1268.0,1987.0,13.0,295.0,1039.0,2857.0,14.0,351.0,1286.0,2905.0,0.0,141.0,1127.0,1354.0,64.361,9.896,28.936,103.193,38.832,28.936
BRATS_235,train,BRATS_464,BRATS_464,1.0,240,240,155,1.0,1.0,1.0,128,163,139,1275.15,0,0.0,74.0,1522.0,2882.0,0.0,131.0,1077.0,2516.0,0.0,183.0,1270.0,2489.0,0.0,60.0,1162.0,1660.0,52.163,11.371,33.78,97.314,45.151,33.78
BRATS_236,train,,BRATS_032,0.5326,240,240,155,1.0,1.0,1.0,138,172,137,1470.63,0,6.0,140.0,1150.0,2071.0,0.0,301.0,1104.0,2496.0,25.0,364.0,1171.0,2666.0,6.0,146.0,1183.0,1717.0,129.799,21.725,19.022,170.546,40.747,19.022
BRATS_237,train,BRATS_465,BRATS_465,1.0,240,240,155,1.0,1.0,1.0,134,167,135,1345.03,0,8.0,207.0,1154.0,1748.0,14.0,455.0,1034.0,1806.0,23.0,505.0,1143.0,2358.0,2.0,247.0,1122.0,1582.0,65.949,25.483,31.16,122.592,56.643,31.16
BRATS_238,train,BRATS_466,BRATS_466,1.0,240,240,155,1.0,1.0,1.0,134,171,139,1425.95,0,0.0,216.0,1053.0,1588.0,38.0,378.0,1033.0,1471.0,36.0,429.0,1040.0,2186.0,0.0,240.0,1217.0,1985.0,10.376,3.052,2.899,16.327,5.951,2.899
BRATS_239,train,BRATS_240;BRATS_241;BRATS_242,BRATS_242,0.828,240,240,155,1.0,1.0,1.0,137,158,134,1366.71,0,2.0,122.0,1076.0,1463.0,13.0,232.0,1030.0,2252.0,13.0,256.0,1346.0,3369.0,0.0,27.0,1083.0,1484.0,114.525,20.649,31.732,166.906,52.381,31.732
BRATS_240,train,BRATS_239;BRATS_241;BRATS_242,BRATS_241,0.8136,240,240,155,1.0,1.0,1.0,137,158,134,1366.71,0,0.0,94.0,1079.0,2113.0,18.0,159.0,1039.0,2465.0,16.0,148.0,1235.0,1960.0,10.0,90.0,1185.0,1452.0,115.092,19.662,59.5,194.254,79.162,59.5
BRATS_241,train,BRATS_239;BRATS_240;BRATS_242,BRATS_242,0.8578,240,240,155,1.0,1.0,1.0,137,158,134,1366.71,0,0.0,69.0,1107.0,1795.0,0.0,196.0,1036.0,2417.0,0.0,167.0,1236.0,2313.0,0.0,19.0,1132.0,1315.0,81.85,24.279,28.452,134.581,52.731,28.452
BRATS_242,train,BRATS_239;BRATS_240;BRATS_241,BRATS_241,0.8578,240,240,155,1.0,1.0,1.0,137,158,134,1366.71,0,0.0,75.0,1107.0,2020.0,0.0,205.0,1036.0,2892.0,2.0,178.0,1279.0,2558.0,0.0,22.0,1104.0,1482.0,97.033,19.845,55.874,172.752,75.719,55.874
BRATS_243,train,,BRATS_146,0.4889,240,240,155,1.0,1.0,1.0,138,175,140,1454.64,0,15.0,97.0,1067.0,2237.0,5.0,128.0,1044.0,2072.0,9.0,100.0,1096.0,2527.0,0.0,168.0,1189.0,1654.0,12.743,64.882,3.257,80.882,68.139,3.257
BRATS_244,train,BRATS_467,BRATS_467,1.0,240,240,155,1.0,1.0,1.0,139,177,134,1608.6,0,0.0,0.0,1118.0,1511.0,0.0,90.0,1022.0,2413.0,13.0,341.0,1032.0,2325.0,0.0,0.0,1018.0,1190.0,58.687,80.906,7.878,147.471,88.784,7.878
BRATS_245,train,BRATS_246;BRATS_247;BRATS_248,BRATS_246,0.957,240,240,155,1.0,1.0,1.0,139,177,138,1643.54,0,0.0,66.0,1351.0,3413.0,5.0,294.0,1027.0,2077.0,19.0,312.0,1056.0,2299.0,7.0,193.0,1043.0,2879.0,61.826,13.047,8.697,83.57,21.744,8.697
BRATS_246,train,BRATS_245;BRATS_247;BRATS_248,BRATS_245,0.957,240,240,155,1.0,1.0,1.0,139,177,138,1643.54,0,0.0,67.0,1363.0,3341.0,6.0,292.0,1029.0,2076.0,16.0,313.0,1088.0,2671.0,7.0,180.0,1046.0,3005.0,50.413,19.968,11.012,81.393,30.98,11.012
BRATS_247,train,BRATS_245;BRATS_246;BRATS_248,BRATS_246,0.9358,240,240,155,1.0,1.0,1.0,139,177,138,1643.54,0,0.0,70.0,1378.0,2357.0,15.0,280.0,1025.0,1935.0,7.0,305.0,1097.0,2144.0,6.0,168.0,1058.0,3211.0,47.516,16.428,10.048,73.992,26.476,10.048
BRATS_248,train,BRATS_245;BRATS_246;BRATS_247,BRATS_247,0.8131,240,240,155,1.0,1.0,1.0,139,177,138,1643.54,0,0.0,177.0,1062.0,1526.0,30.0,313.0,1022.0,1641.0,15.0,350.0,1142.0,2253.0,23.0,164.0,1057.0,2395.0,32.986,13.422,14.894,61.302,28.316,14.894
BRATS_249,test,,BRATS_251,0.4239,240,240,155,1.0,1.0,1.0,140,166,144,1524.87,0,0.0,76.0,1061.0,3313.0,3.0,231.0,1029.0,2786.0,7.0,224.0,1272.0,4341.0,1.0,125.0,1068.35,2957.0,211.008,50.933,56.404,318.345,107.337,56.404
BRATS_250,train,BRATS_251,BRATS_251,0.5914,240,240,155,1.0,1.0,1.0,140,166,144,1524.87,0,0.0,26.0,1081.0,2998.0,2.0,38.0,1079.0,1935.0,0.0,60.0,1277.0,3785.0,1.0,66.0,1078.0,1925.0,118.243,27.226,21.152,166.621,48.378,21.152
BRATS_251,train,BRATS_250,BRATS_250,0.5914,240,240,155,1.0,1.0,1.0,140,166,144,1524.87,0,0.0,73.0,1101.0,3480.0,10.0,228.0,1035.0,2830.0,4.0,188.0,1176.0,3423.0,4.0,109.0,1058.0,2484.0,111.941,24.241,80.785,216.967,105.026,80.785
BRATS_252,test,BRATS_468,BRATS_468,1.0,240,240,155,1.0,1.0,1.0,132,152,138,1270.16,0,0.0,184.0,1157.0,1627.0,3.0,395.0,1028.0,1983.0,8.0,495.0,1165.0,2394.0,0.0,299.0,1247.0,2023.0,54.321,5.487,20.054,79.862,25.541,20.054
BRATS_253,train,,BRATS_153,0.4189,240,240,155,1.0,1.0,1.0,133,167,134,1312.36,0,5.0,168.0,1168.0,2147.0,6.0,319.0,1031.0,1463.0,6.0,370.0,1072.0,2540.0,2.0,345.0,1223.0,1788.0,23.847,13.017,17.492,54.356,30.509,17.492
BRATS_254,train,,BRATS_087,0.4165,240,240,155,1.0,1.0,1.0,137,163,135,1271.79,0,11.0,128.0,1263.0,2231.0,11.0,172.0,1035.0,2565.0,41.0,242.0,1128.0,3170.0,2.0,25.0,1243.0,2022.0,50.194,24.832,0.079,75.105,24.911,0.079
BRATS_255,train,BRATS_469,BRATS_469,1.0,240,240,155,1.0,1.0,1.0,138,176,139,1569.44,0,3.0,108.0,1289.0,1648.0,10.0,339.0,1026.0,2541.0,7.0,348.0,1355.0,2725.0,3.0,245.0,1092.0,1408.0,52.95,26.956,20.796,100.702,47.752,20.796
BRATS_256,train,BRATS_470,BRATS_470,1.0,240,240,155,1.0,1.0,1.0,133,163,144,1441.71,0,0.0,90.0,1122.0,2427.0,7.0,327.0,1025.0,1863.0,0.0,385.0,1126.0,2975.0,0.0,141.0,1123.0,1622.0,32.664,46.692,30.4,109.756,77.092,30.4
BRATS_257,train,,BRATS_225,0.3902,240,240,155,1.0,1.0,1.0,134,166,140,1346.8,0,2.0,244.0,1095.0,1347.0,42.0,427.0,1032.0,1654.0,40.0,524.0,1074.0,2681.0,4.0,278.0,1174.0,1851.0,119.22,4.334,0.097,123.651,4.431,0.097
BRATS_258,train,,BRATS_042,0.3753,240,240,155,1.0,1.0,1.0,131,156,133,1127.72,0,0.0,124.0,1298.0,2573.0,10.0,271.0,1036.0,2843.0,0.0,307.0,1726.0,3159.0,0.0,148.0,1146.0,1585.0,38.535,1.469,15.488,55.492,16.957,15.488
BRATS_259,train,,BRATS_233,0.4344,240,240,155,1.0,1.0,1.0,141,171,141,1401.55,0,0.0,80.0,1177.0,1618.0,0.0,83.0,1040.0,1656.0,5.0,50.0,1053.0,1584.0,0.0,123.0,1235.0,1787.0,57.753,4.736,0.014,62.503,4.75,0.014
BRATS_260,train,,BRATS_469,0.4772,240,240,155,1.0,1.0,1.0,141,170,138,1484.49,0,0.0,84.0,1114.0,2057.0,6.0,284.0,1025.0,2188.0,3.0,325.0,1109.0,2781.0,2.0,146.0,1085.0,1739.0,87.492,6.802,14.096,108.39,20.898,14.096
BRATS_261,train,BRATS_471,BRATS_471,1.0,240,240,155,1.0,1.0,1.0,144,180,142,1639.52,0,7.0,101.0,1066.0,1431.0,0.0,324.0,1050.0,2505.0,17.0,186.0,1169.0,2932.0,0.0,126.0,1068.0,1347.0,134.355,39.967,36.578,210.9,76.545,36.578
BRATS_262,train,,BRATS_232,0.4376,240,240,155,1.0,1.0,1.0,145,168,137,1484.53,0,10.0,124.0,1207.0,2181.0,19.0,255.0,1029.0,1736.0,26.0,250.0,1119.0,2086.0,13.0,234.0,1095.0,1513.0,17.7,2.485,3.758,23.943,6.243,3.758
BRATS_263,train,BRATS_472,BRATS_472,1.0,240,240,155,1.0,1.0,1.0,139,161,138,1345.26,0,3.0,70.0,1114.0,1507.0,12.0,301.0,1030.0,2373.0,15.0,325.0,1420.0,2915.0,4.0,219.0,1081.0,1269.0,117.191,11.591,36.544,165.326,48.135,36.544
BRATS_264,val,BRATS_473,BRATS_473,1.0,240,240,155,1.0,1.0,1.0,143,163,119,1138.15,0,27.0,112.0,1085.0,1951.0,6.0,67.0,1059.0,1290.0,1.0,52.0,1267.0,3511.0,0.0,165.0,1200.0,1798.0,19.162,0.733,5.165,25.06,5.898,5.165
BRATS_265,test,BRATS_474,BRATS_474,1.0,240,240,155,1.0,1.0,1.0,138,173,137,1424.91,0,0.0,66.0,1108.0,2129.0,9.0,269.0,1050.0,2508.0,0.0,201.0,1179.0,2114.0,19.0,198.0,1112.0,1472.0,104.151,31.201,79.903,215.255,111.104,79.903
BRATS_266,train,BRATS_475,BRATS_475,1.0,240,240,155,1.0,1.0,1.0,152,169,130,1579.39,0,3.0,54.0,1091.0,1421.0,6.0,134.0,1325.0,2552.0,6.0,190.0,1265.0,2320.0,4.0,32.0,1218.0,1321.0,83.276,69.784,49.869,202.929,119.653,49.869
BRATS_267,test,BRATS_476,BRATS_476,1.0,240,240,155,1.0,1.0,1.0,137,167,136,1412.15,0,0.0,131.0,1365.0,1668.0,42.0,374.0,1030.0,2161.0,27.0,437.0,1238.0,2278.0,15.0,285.0,1146.0,1580.0,42.576,8.446,29.412,80.434,37.858,29.412
BRATS_268,train,,BRATS_034,0.3824,240,240,155,1.0,1.0,1.0,137,176,140,1607.4,0,6.0,74.0,1078.0,1467.0,5.0,96.0,1025.0,1870.0,9.0,130.0,1104.0,2241.0,9.0,29.0,1110.0,2390.0,127.31,51.5,0.513,179.323,52.013,0.513
BRATS_269,train,,BRATS_441,0.3675,240,240,155,1.0,1.0,1.0,139,165,139,1479.62,0,7.0,82.0,1114.0,1828.0,23.0,359.0,1073.0,2728.0,5.0,147.0,1197.0,2756.0,7.0,136.0,1098.0,1549.0,147.034,21.866,4.144,173.044,26.01,4.144
BRATS_270,val,,BRATS_227,0.3718,240,240,155,1.0,1.0,1.0,132,164,139,1330.01,0,0.0,70.0,1338.0,2363.0,0.0,66.0,1042.0,2367.0,0.0,106.0,1209.0,3242.0,0.0,43.0,1065.0,1144.0,52.977,14.95,2.938,70.865,17.888,2.938
BRATS_271,test,BRATS_477,BRATS_477,1.0,240,240,155,1.0,1.0,1.0,141,169,142,1445.26,0,3.0,85.0,1070.0,1573.0,24.0,319.0,1044.0,2071.0,66.0,250.0,1306.0,1725.0,6.0,312.0,1040.0,1183.0,108.3,20.098,66.602,195.0,86.7,66.602
BRATS_272,train,,BRATS_442,0.4343,240,240,155,1.0,1.0,1.0,136,158,135,1254.32,0,8.0,209.0,1196.0,1760.0,29.0,374.0,1031.0,1838.0,29.0,505.0,1086.0,2767.0,5.0,314.0,1212.0,1827.0,93.282,3.815,0.888,97.985,4.703,0.888
BRATS_273,train,BRATS_478,BRATS_478,1.0,240,240,155,1.0,1.0,1.0,135,172,137,1381.62,0,12.0,87.0,1145.0,2349.0,42.0,219.0,1078.0,2229.0,60.0,226.0,1417.0,3429.0,14.0,90.0,1203.0,1700.0,48.509,12.769,14.289,75.567,27.058,14.289
BRATS_274,train,BRATS_479,BRATS_479,1.0,240,240,155,1.0,1.0,1.0,141,171,137,1553.38,0,13.0,93.0,1265.0,2069.0,10.0,181.0,1048.0,1398.0,6.0,231.0,1229.0,2083.0,3.0,208.0,1141.0,1635.0,25.407,10.437,27.342,63.186,37.779,27.342
BRATS_275,train,BRATS_001,BRATS_001,1.0,240,240,155,1.0,1.0,1.0,136,176,132,1495.21,0,0.0,5.0,800.0,1273.0,0.0,10.0,507.0,1043.0,0.0,9.0,931.0,1516.0,0.0,11.0,1139.0,1584.0,53.05,27.189,31.485,111.724,58.674,31.485
BRATS_276,train,BRATS_018,BRATS_018,1.0,240,240,155,1.0,1.0,1.0,143,165,143,1523.4,3,0.0,0.0,309.0,497.0,0.0,3.0,392.0,726.0,0.0,0.0,106.0,211.0,0.0,4.0,1162.0,1620.0,73.741,45.839,19.677,139.257,65.516,19.677
BRATS_277,train,BRATS_009,BRATS_009,1.0,240,240,155,1.0,1.0,1.0,128,169,130,1309.03,32,0.0,0.0,511.0,575.0,0.0,9.0,502.0,594.0,0.0,11.0,761.0,1621.0,0.0,7.0,634.0,759.0,133.618,34.343,42.366,210.327,76.709,42.366
BRATS_278,test,BRATS_010,BRATS_010,1.0,240,240,155,1.0,1.0,1.0,147,170,140,1579.66,0,0.0,6.0,490.0,798.0,0.0,9.0,486.0,1042.0,0.0,11.0,685.0,1354.0,0.0,13.0,964.0,1162.0,15.607,0.413,4.467,20.487,4.88,4.467
BRATS_279,train,BRATS_008,BRATS_008,1.0,240,240,155,1.0,1.0,1.0,141,174,135,1653.68,1,0.0,7.0,717.0,1332.0,0.0,15.0,749.0,1696.0,0.0,9.0,867.0,1765.0,0.0,11.0,1101.0,1595.0,129.871,21.122,36.577,187.57,57.699,36.577
BRATS_280,train,BRATS_015,BRATS_015,1.0,240,240,155,1.0,1.0,1.0,145,183,144,1683.94,0,0.0,8.0,916.0,1523.0,0.0,9.0,588.0,1496.0,0.0,10.0,1384.0,2265.0,0.0,11.0,1278.0,2175.0,126.003,11.698,60.991,198.692,72.689,60.991
BRATS_281,train,BRATS_003,BRATS_003,1.0,240,240,155,1.0,1.0,1.0,146,177,140,1770.75,1,0.0,0.0,599.0,1072.0,0.0,8.0,578.0,1996.0,0.0,4.0,739.0,1393.0,0.0,9.0,948.0,1554.0,148.264,4.414,21.25,173.928,25.664,21.25
BRATS_282,val,BRATS_005,BRATS_005,1.0,240,240,155,1.0,1.0,1.0,141,169,138,1529.64,2,0.0,8.0,526.0,1005.0,0.0,6.0,424.0,1357.0,0.0,11.0,842.0,1956.0,0.0,10.0,892.0,1233.0,35.416,26.912,18.354,80.682,45.266,18.354
BRATS_283,test,BRATS_006;BRATS_022,BRATS_006,1.0,240,240,155,1.0,1.0,1.0,146,175,146,1637.27,21,0.0,0.0,525.0,634.0,0.0,9.0,407.0,1103.0,0.0,19.0,546.0,1212.0,0.0,12.0,882.0,1032.0,109.935,64.066,43.379,217.38,107.445,43.379
BRATS_284,train,BRATS_004,BRATS_004,1.0,240,240,155,1.0,1.0,1.0,129,156,130,1250.11,14,0.0,12.0,885.0,1431.0,0.0,14.0,574.0,1309.0,0.0,20.0,960.0,1807.0,0.0,19.0,1356.0,1775.0,45.203,57.655,17.816,120.674,75.471,17.816
BRATS_285,train,BRATS_020,BRATS_020,1.0,240,240,155,1.0,1.0,1.0,157,164,139,1627.63,5,0.0,1.0,364.0,507.0,0.0,0.0,65.0,124.0,0.0,0.0,102.0,212.0,0.0,1.0,940.0,1461.0,140.935,48.805,67.135,256.875,115.94,67.135
BRATS_286,train,BRATS_014,BRATS_014,1.0,240,240,155,1.0,1.0,1.0,139,177,137,1652.93,1,0.0,8.0,642.0,1563.0,0.0,11.0,691.0,1294.0,0.0,6.0,737.0,1735.0,0.0,13.0,1659.0,2136.0,23.689,51.737,72.36,147.786,124.097,72.36
BRATS_287,train,BRATS_012,BRATS_012,1.0,240,240,155,1.0,1.0,1.0,144,171,136,1576.65,3,0.0,0.0,405.0,1028.0,0.0,3.0,577.0,1837.0,0.0,1.0,660.0,1227.0,0.0,3.0,997.0,1475.0,12.494,8.413,0.708,21.615,9.121,0.708
BRATS_288,train,BRATS_013,BRATS_013,1.0,240,240,155,1.0,1.0,1.0,141,180,128,1513.08,0,0.0,0.0,489.0,1099.0,0.0,11.0,648.0,1520.0,0.0,6.0,647.0,1389.0,0.0,12.0,1149.0,1454.0,7.981,0.31,4.678,12.969,4.988,4.678
BRATS_289,train,BRATS_016,BRATS_016,1.0,240,240,155,1.0,1.0,1.0,149,166,142,1541.58,6,0.0,2.0,292.0,371.0,0.0,0.0,303.0,656.0,0.0,0.0,117.0,225.0,0.0,0.0,853.0,1164.0,50.571,11.727,20.437,82.735,32.164,20.437
BRATS_290,test,BRATS_007,BRATS_007,1.0,240,240,155,1.0,1.0,1.0,142,179,129,1634.23,0,0.0,4.0,531.0,1252.0,0.0,8.0,641.0,1461.0,0.0,4.0,688.0,1674.0,0.0,9.0,987.0,1478.0,34.894,4.514,21.677,61.085,26.191,21.677
BRATS_291,train,BRATS_017,BRATS_017,1.0,240,240,155,1.0,1.0,1.0,144,155,137,1315.13,1,0.0,1.0,271.0,422.0,0.0,0.0,370.0,540.0,0.0,0.0,108.0,279.0,0.0,0.0,1113.0,1779.0,67.269,10.43,23.187,100.886,33.617,23.187
BRATS_292,train,BRATS_019,BRATS_019,1.0,240,240,155,1.0,1.0,1.0,144,169,135,1432.04,2,0.0,0.0,360.0,835.0,0.0,4.0,434.0,1027.0,0.0,1.0,107.0,246.0,0.0,7.0,1219.0,1707.0,113.095,16.412,19.84,149.347,36.252,19.84
BRATS_293,test,BRATS_002,BRATS_002,1.0,240,240,155,1.0,1.0,1.0,142,176,146,1593.06,0,0.0,7.0,608.0,1000.0,0.0,6.0,416.0,1136.0,0.0,7.0,910.0,1854.0,0.0,8.0,882.0,1258.0,53.736,1.106,8.219,63.061,9.325,8.219
BRATS_294,val,BRATS_011,BRATS_011,1.0,240,240,155,1.0,1.0,1.0,137,159,132,1387.46,4,0.0,7.0,580.0,880.0,0.0,15.0,660.0,1394.0,0.0,8.0,591.0,1444.0,0.0,12.0,909.0,1344.0,90.806,20.231,26.264,137.301,46.495,26.264
BRATS_295,test,,BRATS_331,0.4869,240,240,155,1.0,1.0,1.0,137,173,135,1342.88,0,14.0,51.0,376.0,625.0,25.0,139.0,508.0,678.0,49.0,161.0,778.0,1845.0,5.0,52.0,261.0,376.0,168.794,15.443,27.742,211.979,43.185,27.742
BRATS_296,train,,BRATS_308,0.4763,240,240,155,1.0,1.0,1.0,134,187,140,1539.2,0,7.0,69.0,622.0,1091.0,17.0,165.0,595.0,757.0,24.0,178.0,897.0,1633.0,0.0,63.0,439.0,690.0,51.299,9.16,6.549,67.008,15.709,6.549
BRATS_297,train,BRATS_359;BRATS_371,BRATS_359,0.5744,240,240,155,1.0,1.0,1.0,129,163,135,1261.12,0,19.0,66.0,463.0,773.0,33.0,136.0,554.0,709.0,40.0,151.0,795.0,1898.0,4.0,57.0,284.0,385.0,26.076,0.733,2.998,29.807,3.731,2.998
BRATS_298,train,,BRATS_377,0.4457,240,240,155,1.0,1.0,1.0,135,182,140,1523.12,0,4.0,70.0,527.0,757.0,22.0,134.0,494.0,713.0,29.0,156.0,658.0,1627.0,0.0,66.0,319.0,495.0,77.096,10.902,15.498,103.496,26.4,15.498
BRATS_299,train,,BRATS_373,0.4866,240,240,155,1.0,1.0,1.0,133,175,140,1441.83,0,0.0,25.0,316.0,762.0,13.0,139.0,513.0,845.0,26.0,137.0,845.0,1871.0,0.0,44.0,351.0,497.0,7.553,3.624,10.786,21.963,14.41,10.786
BRATS_300,val,,BRATS_369,0.4902,240,240,155,1.0,1.0,1.0,133,177,141,1468.48,0,0.0,32.0,471.0,730.0,19.0,132.0,517.0,725.0,22.0,135.0,660.0,1296.0,0.0,60.0,387.0,502.0,94.456,19.827,24.947,139.23,44.774,24.947
BRATS_301,train,,BRATS_377,0.5147,240,240,155,1.0,1.0,1.0,139,170,138,1377.64,0,0.0,23.0,371.0,727.0,14.0,104.0,478.0,598.0,20.0,110.0,685.0,1467.0,0.0,57.0,352.0,495.0,30.215,3.398,6.159,39.772,9.557,6.159
BRATS_302,test,,BRATS_373,0.4922,240,240,155,1.0,1.0,1.0,140,179,138,1544.86,0,20.0,93.0,706.0,1564.0,45.0,163.0,670.0,854.0,46.0,171.0,1013.0,1971.0,9.0,56.0,381.0,522.0,32.078,0.157,1.211,33.446,1.368,1.211
BRATS_303,test,,BRATS_295,0.4688,240,240,155,1.0,1.0,1.0,130,170,144,1322.29,0,0.0,33.0,506.0,1109.0,8.0,136.0,519.0,626.0,24.0,141.0,687.0,1494.0,0.0,64.0,402.0,565.0,106.834,25.359,50.901,183.094,76.26,50.901
BRATS_304,test,,BRATS_313,0.4577,240,240,155,1.0,1.0,1.0,130,171,141,1289.12,0,0.0,54.0,374.0,1205.0,15.0,144.0,537.0,664.0,28.0,171.0,764.0,1756.0,0.0,66.0,402.0,598.0,37.588,0.521,6.473,44.582,6.994,6.473
BRATS_305,val,,BRATS_307,0.442,240,240,155,1.0,1.0,1.0,152,160,142,1606.36,0,0.0,26.0,422.0,984.0,17.0,117.0,487.0,848.0,23.0,121.0,955.0,1998.0,0.0,284.0,1481.0,2041.0,44.753,4.603,5.774,55.13,10.377,5.774
BRATS_306,train,,BRATS_354,0.4772,240,240,155,1.0,1.0,1.0,138,178,143,1608.44,0,0.0,22.0,466.0,1091.0,29.0,136.0,604.0,915.0,21.0,132.0,894.0,2198.0,0.0,313.0,1729.0,2522.0,23.771,2.307,5.973,32.051,8.28,5.973
BRATS_307,train,,BRATS_362,0.5013,240,240,155,1.0,1.0,1.0,145,164,140,1466.18,0,0.0,32.0,359.0,776.0,16.0,124.0,509.0,716.0,11.0,131.0,690.0,1447.0,0.0,29.0,344.0,477.0,31.804,10.496,4.039,46.339,14.535,4.039
BRATS_308,train,,BRATS_314,0.5446,240,240,155,1.0,1.0,1.0,141,179,143,1729.28,0,4.0,63.0,501.0,832.0,17.0,144.0,557.0,703.0,24.0,149.0,787.0,1674.0,0.0,76.0,395.0,552.0,52.828,9.313,18.255,80.396,27.568,18.255
BRATS_309,test,,BRATS_321,0.508,240,240,155,1.0,1.0,1.0,144,176,141,1613.81,0,0.0,27.0,525.0,957.0,14.0,140.0,564.0,783.0,26.0,147.0,841.0,1847.0,0.0,61.0,410.0,584.0,107.61,8.675,9.002,125.287,17.677,9.002
BRATS_310,val,,BRATS_345,0.428,240,240,155,1.0,1.0,1.0,133,176,140,1462.76,0,25.0,130.0,972.0,1506.0,27.0,143.0,562.0,897.0,47.0,172.0,1042.0,2184.0,6.0,35.0,351.0,551.0,86.107,28.051,13.031,127.189,41.082,13.031
BRATS_311,val,,BRATS_354,0.4519,240,240,155,1.0,1.0,1.0,140,177,141,1565.23,0,3.0,54.0,579.0,1127.0,8.0,135.0,522.0,866.0,20.0,141.0,853.0,1488.0,0.0,41.0,371.0,519.0,86.045,7.491,7.222,100.758,14.713,7.222
BRATS_312,train,,BRATS_373,0.5282,240,240,155,1.0,1.0,1.0,137,167,136,1314.64,0,0.0,18.0,341.0,707.0,12.0,123.0,484.0,577.0,32.0,129.0,785.0,1909.0,0.0,64.0,357.0,524.0,43.082,0.341,1.695,45.118,2.036,1.695
BRATS_313,val,,BRATS_359,0.5131,240,240,155,1.0,1.0,1.0,133,167,137,1318.16,0,0.0,34.0,443.0,965.0,7.0,138.0,502.0,675.0,18.0,155.0,791.0,1944.0,0.0,44.0,375.0,557.0,23.25,10.734,9.813,43.797,20.547,9.813
BRATS_314,train,,BRATS_308,0.5446,240,240,155,1.0,1.0,1.0,140,180,139,1573.28,0,7.0,50.0,432.0,894.0,12.0,129.0,536.0,677.0,21.0,139.0,707.0,1443.0,0.0,49.0,366.0,500.0,56.966,91.299,27.41,175.675,118.709,27.41
BRATS_315,train,,BRATS_353,0.4462,240,240,155,1.0,1.0,1.0,133,157,136,1258.66,0,1.0,48.0,317.0,885.0,10.0,131.0,498.0,586.0,31.0,146.0,794.0,1744.0,0.0,61.0,319.0,418.0,31.189,2.666,3.003,36.858,5.669,3.003
BRATS_316,train,,BRATS_319,0.403,240,240,155,1.0,1.0,1.0,132,187,143,1506.51,0,0.0,48.0,446.0,971.0,10.0,138.0,497.0,588.0,17.0,155.0,977.0,2159.0,0.0,241.0,1424.0,1897.0,37.481,12.416,18.221,68.118,30.637,18.221
BRATS_317,train,,BRATS_297,0.4457,240,240,155,1.0,1.0,1.0,127,168,147,1258.56,0,4.0,33.0,498.0,1209.0,8.0,90.0,382.0,538.0,23.0,132.0,894.0,2053.0,0.0,238.0,1688.0,2228.0,23.598,6.589,10.937,41.124,17.526,10.937
BRATS_318,train,,BRATS_298,0.4269,240,240,155,1.0,1.0,1.0,138,170,144,1588.47,0,0.0,38.0,598.0,1502.0,7.0,95.0,647.0,1099.0,14.0,148.0,1202.0,2312.0,0.0,90.0,1699.0,2802.0,67.155,5.2,23.272,95.627,28.472,23.272
BRATS_319,test,,BRATS_351,0.4213,240,240,155,1.0,1.0,1.0,131,160,139,1201.04,0,0.0,26.0,396.0,711.0,16.0,122.0,563.0,703.0,18.0,142.0,1018.0,1995.0,0.0,237.0,1092.0,1516.0,36.528,19.476,17.433,73.437,36.909,17.433
BRATS_320,train,,BRATS_076,0.3513,240,240,155,1.0,1.0,1.0,141,184,142,1746.93,0,0.0,39.0,659.0,1540.0,5.0,5.0,1029.0,1252.0,33.0,152.0,872.0,1840.0,0.0,27.0,447.0,649.0,145.705,11.237,23.676,180.618,34.913,23.676
BRATS_321,train,,BRATS_309,0.508,240,240,155,1.0,1.0,1.0,134,172,142,1445.2,0,6.0,52.0,602.0,973.0,15.0,120.0,483.0,581.0,11.0,134.0,698.0,1393.0,0.0,72.0,396.0,607.0,41.235,8.653,16.76,66.648,25.413,16.76
BRATS_322,train,,BRATS_352,0.4536,240,240,155,1.0,1.0,1.0,144,179,142,1641.68,0,0.0,15.0,287.0,631.0,18.0,102.0,455.0,678.0,17.0,98.0,535.0,1336.0,0.0,71.0,329.0,421.0,5.908,5.746,9.281,20.935,15.027,9.281
BRATS_323,test,,BRATS_326,0.507,240,240,155,1.0,1.0,1.0,132,161,138,1237.94,0,0.0,20.0,329.0,552.0,15.0,105.0,451.0,555.0,20.0,109.0,654.0,1340.0,0.0,62.0,279.0,350.0,54.96,1.693,5.701,62.354,7.394,5.701
BRATS_324,train,,BRATS_338,0.4354,240,240,155,1.0,1.0,1.0,132,182,140,1551.15,0,0.0,36.0,324.0,676.0,25.0,143.0,548.0,722.0,29.0,153.0,812.0,1544.0,0.0,47.0,394.0,560.0,92.012,1.748,6.149,99.909,7.897,6.149
BRATS_325,val,,BRATS_361,0.534,240,240,155,1.0,1.0,1.0,140,177,145,1608.67,0,0.0,24.0,387.0,642.0,15.0,125.0,529.0,672.0,24.0,124.0,653.0,1510.0,0.0,58.0,318.0,398.0,58.882,6.619,22.108,87.609,28.727,22.108
BRATS_326,test,,BRATS_323,0.507,240,240,155,1.0,1.0,1.0,129,172,143,1346.9,0,0.0,26.0,318.0,809.0,8.0,108.0,454.0,576.0,20.0,115.0,556.0,1100.0,0.0,44.0,304.0,384.0,9.07,7.867,9.563,26.5,17.43,9.563
BRATS_327,test,,BRATS_345,0.4816,240,240,155,1.0,1.0,1.0,133,167,140,1275.25,0,0.0,30.0,422.0,765.0,10.0,109.0,455.0,636.0,20.0,118.0,791.0,1719.0,0.0,39.0,300.0,425.0,98.301,8.346,16.009,122.656,24.355,16.009
BRATS_328,train,,BRATS_300,0.4768,240,240,155,1.0,1.0,1.0,128,162,144,1298.38,0,1.0,57.0,426.0,769.0,14.0,128.0,480.0,892.0,18.0,136.0,561.0,1324.0,0.0,65.0,272.0,376.0,46.588,20.555,24.43,91.573,44.985,24.43
BRATS_329,test,,BRATS_308,0.3861,240,240,155,1.0,1.0,1.0,148,167,130,1521.33,0,2.0,74.0,538.0,1139.0,6.0,101.0,494.0,891.0,21.0,131.0,909.0,2261.0,0.0,166.0,1668.0,2505.0,30.607,23.946,24.262,78.815,48.208,24.262
BRATS_330,val,,BRATS_342,0.4817,240,240,155,1.0,1.0,1.0,137,158,139,1344.15,0,0.0,23.0,325.0,760.0,19.0,111.0,453.0,540.0,22.0,107.0,938.48,1875.0,0.0,195.0,1360.0,1745.0,9.079,0.585,5.166,14.83,5.751,5.166
BRATS_331,train,,BRATS_295,0.4869,240,240,155,1.0,1.0,1.0,142,162,135,1394.56,0,0.0,18.0,329.0,722.0,9.0,80.0,452.0,622.0,8.0,101.0,935.0,2242.0,0.0,97.0,1118.0,1535.0,164.048,9.752,15.211,189.011,24.963,15.211
BRATS_332,test,,BRATS_348,0.4942,240,240,155,1.0,1.0,1.0,130,172,139,1350.4,0,0.0,25.0,453.0,947.0,19.0,114.0,472.0,732.0,21.0,114.0,849.0,2080.0,0.0,188.0,1329.0,1826.0,63.649,10.976,26.254,100.879,37.23,26.254
BRATS_333,train,,BRATS_317,0.3933,240,240,155,1.0,1.0,1.0,125,167,147,1226.6,0,3.0,63.0,632.0,1111.0,11.0,116.0,415.0,608.0,12.0,145.0,793.0,2140.0,0.0,303.0,1605.0,2279.0,32.835,6.192,12.826,51.853,19.018,12.826
BRATS_334,test,,BRATS_369,0.3315,240,240,155,1.0,1.0,1.0,137,187,140,1667.09,0,0.0,38.0,631.0,1200.0,28.0,163.0,656.0,852.0,31.0,174.0,1357.0,2540.0,0.0,288.0,2083.0,2609.0,123.059,20.192,28.203,171.454,48.395,28.203
BRATS_335,val,,BRATS_378,0.4587,240,240,155,1.0,1.0,1.0,143,165,141,1543.47,0,0.0,22.0,453.0,1082.0,11.0,109.0,463.0,898.0,10.0,112.0,946.0,1698.0,0.0,199.0,1506.0,1809.0,67.089,19.169,15.158,101.416,34.327,15.158
BRATS_336,train,,BRATS_343,0.4634,240,240,155,1.0,1.0,1.0,142,165,142,1379.67,0,0.0,26.0,679.0,1148.0,16.0,137.0,518.0,601.0,24.0,140.0,1182.0,2085.0,0.0,268.0,1995.0,2437.0,35.154,19.887,20.908,75.949,40.795,20.908
BRATS_337,train,,BRATS_338,0.4936,240,240,155,1.0,1.0,1.0,146,168,144,1546.62,0,0.0,47.0,438.0,933.0,17.0,162.0,692.0,824.0,24.0,186.0,1382.0,3254.0,0.0,316.0,1835.0,2712.0,29.723,5.082,2.624,37.429,7.706,2.624
BRATS_338,train,,BRATS_337,0.4936,240,240,155,1.0,1.0,1.0,136,173,139,1502.79,0,0.0,57.0,453.0,1240.0,24.0,183.0,677.0,829.0,32.0,217.0,1476.0,2734.0,0.0,317.0,1932.0,3240.0,17.336,0.402,1.412,19.15,1.814,1.412
BRATS_339,train,,BRATS_346,0.4457,240,240,155,1.0,1.0,1.0,135,162,136,1319.83,0,0.0,32.0,576.0,1086.0,33.0,167.0,636.0,846.0,43.0,181.0,1524.0,2691.0,0.0,292.0,1957.0,2469.0,40.539,16.558,40.108,97.205,56.666,40.108
BRATS_340,val,,BRATS_342,0.3991,240,240,155,1.0,1.0,1.0,133,174,143,1522.11,0,3.0,48.0,466.0,1317.0,5.0,97.0,411.0,1178.0,18.0,128.0,930.0,1935.0,0.0,185.0,1661.0,2372.0,34.822,0.163,1.357,36.342,1.52,1.357
BRATS_341,train,,BRATS_300,0.4387,240,240,155,1.0,1.0,1.0,139,178,146,1604.49,0,0.0,29.0,354.0,776.0,13.0,104.0,476.0,702.0,18.0,107.0,860.0,1784.0,0.0,178.0,1310.0,1628.0,70.436,30.245,32.001,132.682,62.246,32.001
BRATS_342,val,,BRATS_353,0.5305,240,240,155,1.0,1.0,1.0,131,176,143,1474.51,0,0.0,28.0,295.0,1135.0,23.0,121.0,547.0,721.0,15.0,129.0,867.0,1846.0,0.0,217.0,1472.0,1901.0,25.778,1.42,2.041,29.239,3.461,2.041
BRATS_343,train,,BRATS_379,0.5094,240,240,155,1.0,1.0,1.0,140,178,141,1552.88,0,0.0,33.0,391.0,699.0,19.0,102.0,435.0,542.0,16.0,103.0,703.0,1610.0,0.0,202.0,1181.0,1508.0,75.783,1.588,6.047,83.418,7.635,6.047
BRATS_344,train,,BRATS_348,0.5,240,240,155,1.0,1.0,1.0,137,173,144,1587.11,0,0.0,21.0,416.0,922.0,7.0,86.0,496.0,1415.0,12.0,112.0,990.0,1981.0,0.0,82.0,1365.0,1751.0,14.747,35.661,32.372,82.78,68.033,32.372
BRATS_345,train,,BRATS_327,0.4816,240,240,155,1.0,1.0,1.0,134,165,144,1350.65,0,0.0,20.0,447.0,827.0,13.0,123.0,503.0,727.0,18.0,127.0,958.0,2024.0,0.0,213.0,1454.0,1743.0,104.016,4.449,13.105,121.57,17.554,13.105
BRATS_346,train,,BRATS_373,0.4476,240,240,155,1.0,1.0,1.0,142,167,138,1394.49,0,0.0,31.0,443.0,869.0,17.0,121.0,485.0,718.0,15.0,123.0,865.0,1783.0,0.0,221.0,1487.0,1830.0,29.065,5.989,10.897,45.951,16.886,10.897
BRATS_347,val,,BRATS_310,0.4041,240,240,155,1.0,1.0,1.0,136,186,140,1721.15,0,0.0,37.0,438.0,625.0,14.0,121.0,480.0,606.0,21.0,138.0,875.0,1883.0,0.0,229.0,1127.0,1663.0,128.427,12.395,9.075,149.897,21.47,9.075
BRATS_348,train,,BRATS_344,0.5,240,240,155,1.0,1.0,1.0,127,169,140,1336.1,0,0.0,22.0,411.0,966.0,11.0,117.0,501.0,636.0,16.0,126.0,1123.0,2238.0,0.0,205.0,1385.0,2265.0,42.928,6.651,30.995,80.574,37.646,30.995
BRATS_349,train,,BRATS_377,0.4238,240,240,155,1.0,1.0,1.0,143,176,149,1697.86,0,2.0,28.0,560.0,1057.0,15.0,108.0,394.0,860.0,18.0,113.0,814.0,2010.0,1.0,248.0,1661.0,2364.0,103.227,6.59,8.577,118.394,15.167,8.577
BRATS_350,test,,BRATS_297,0.4637,240,240,155,1.0,1.0,1.0,122,162,136,1172.67,0,20.0,51.0,512.0,1049.0,44.0,137.0,540.0,979.0,59.0,142.0,1043.0,2395.0,4.0,47.0,302.0,375.0,21.364,8.872,25.128,55.364,34.0,25.128
BRATS_351,train,,BRATS_319,0.4213,240,240,155,1.0,1.0,1.0,126,157,134,1146.3,0,38.0,75.0,467.0,697.0,22.0,126.0,447.0,534.0,46.0,149.0,661.0,1594.0,5.0,27.0,221.0,351.0,79.37,3.149,8.613,91.132,11.762,8.613
BRATS_352,test,,BRATS_377,0.5446,240,240,155,1.0,1.0,1.0,137,174,143,1512.88,0,2.0,24.0,338.0,729.0,11.0,104.0,445.0,612.0,11.0,99.0,574.0,1326.0,0.0,51.0,304.0,417.0,74.456,10.482,6.708,91.646,17.19,6.708
BRATS_353,test,,BRATS_342,0.5305,240,240,155,1.0,1.0,1.0,131,173,136,1382.81,0,0.0,22.0,243.0,613.0,9.0,117.0,461.0,599.0,18.0,126.0,728.0,1784.0,0.0,45.0,305.0,405.0,23.845,0.901,1.172,25.918,2.073,1.172
BRATS_354,train,BRATS_377,BRATS_377,0.589,240,240,155,1.0,1.0,1.0,128,168,138,1356.44,0,0.0,20.0,388.0,659.0,16.0,122.0,480.0,568.0,17.0,124.0,716.0,1357.0,0.0,244.0,1379.0,1696.0,52.794,18.358,16.172,87.324,34.53,16.172
BRATS_355,train,,BRATS_376,0.4534,240,240,155,1.0,1.0,1.0,133,176,137,1436.29,0,23.0,67.0,611.0,1545.0,26.0,149.0,570.0,809.0,37.0,153.0,1016.0,2559.0,4.0,41.0,382.0,551.0,7.466,6.878,6.532,20.876,13.41,6.532
BRATS_356,test,,BRATS_009,0.4169,240,240,155,1.0,1.0,1.0,127,160,146,1326.43,0,0.0,32.0,493.0,786.0,9.0,120.0,438.0,567.0,33.0,135.0,821.0,1637.0,0.0,56.0,371.0,463.0,91.981,20.008,30.143,142.132,50.151,30.143
BRATS_357,val,,BRATS_379,0.4725,240,240,155,1.0,1.0,1.0,138,174,141,1476.68,0,0.0,33.0,304.0,643.0,25.0,130.0,505.0,627.0,20.0,133.0,734.0,1498.0,0.0,51.0,388.0,539.0,10.39,0.782,2.287,13.459,3.069,2.287
BRATS_358,test,,BRATS_308,0.4785,240,240,155,1.0,1.0,1.0,124,167,137,1314.22,0,5.0,41.0,474.0,782.0,14.0,127.0,500.0,610.0,15.0,134.0,854.0,1885.0,0.0,50.0,312.0,411.0,15.904,44.601,35.31,95.815,79.911,35.31
BRATS_359,train,BRATS_297;BRATS_371,BRATS_297,0.5744,240,240,155,1.0,1.0,1.0,140,166,137,1329.44,0,26.0,68.0,719.0,1163.0,26.0,137.0,521.0,629.0,42.0,149.0,704.0,1972.0,6.0,66.0,334.0,495.0,21.091,1.034,2.83,24.955,3.864,2.83
BRATS_360,val,,BRATS_376,0.4511,240,240,155,1.0,1.0,1.0,139,174,137,1464.58,0,6.0,58.0,496.0,892.0,16.0,134.0,504.0,642.0,20.0,144.0,721.0,1401.0,0.0,57.0,392.0,546.0,43.785,6.796,8.665,59.246,15.461,8.665
BRATS_361,train,,BRATS_325,0.534,240,240,155,1.0,1.0,1.0,140,172,145,1523.79,0,0.0,35.0,443.0,761.0,21.0,130.0,492.0,800.0,30.0,120.0,639.0,915.0,0.0,47.0,353.0,516.0,85.94,13.856,30.709,130.505,44.565,30.709
BRATS_362,train,,BRATS_366,0.5132,240,240,155,1.0,1.0,1.0,135,178,141,1493.42,0,5.0,59.0,584.0,1135.0,21.0,136.0,534.0,641.0,32.0,139.0,836.0,1530.0,0.0,48.0,432.0,612.0,29.143,19.83,14.186,63.159,34.016,14.186
BRATS_363,train,,BRATS_366,0.374,240,240,155,1.0,1.0,1.0,128,175,129,1317.63,0,7.0,69.0,555.0,864.0,10.0,133.0,529.0,634.0,16.0,158.0,858.0,1773.0,0.0,72.0,392.0,537.0,125.081,19.298,15.631,160.01,34.929,15.631
BRATS_364,train,,BRATS_296,0.4577,240,240,155,1.0,1.0,1.0,132,185,142,1650.97,0,6.0,57.0,415.0,1054.0,5.0,86.0,466.0,694.0,10.0,107.0,778.0,1602.0,0.0,20.0,356.0,569.0,22.544,22.543,12.743,57.83,35.286,12.743
BRATS_365,val,,BRATS_022,0.4897,240,240,155,1.0,1.0,1.0,132,175,139,1471.83,0,5.0,55.0,652.0,1041.0,7.0,69.0,564.0,1353.0,10.0,117.0,904.0,2097.0,0.0,12.0,454.0,588.0,135.262,5.976,13.041,154.279,19.017,13.041
BRATS_366,train,,BRATS_362,0.5132,240,240,155,1.0,1.0,1.0,134,168,136,1367.12,0,30.0,89.0,639.0,1159.0,35.0,134.0,480.0,588.0,40.0,143.0,887.0,2285.0,6.0,40.0,356.0,436.0,40.774,10.817,37.598,89.189,48.415,37.598
BRATS_367,train,,BRATS_352,0.4774,240,240,155,1.0,1.0,1.0,135,179,141,1455.4,0,0.0,17.0,402.01,1127.0,16.0,130.0,502.0,610.0,19.0,130.0,891.0,1863.0,0.0,53.0,381.0,507.0,27.59,7.469,9.46,44.519,16.929,9.46
BRATS_368,test,,BRATS_343,0.4392,240,240,155,1.0,1.0,1.0,147,166,138,1484.82,0,0.0,29.0,538.0,1318.0,20.0,118.0,473.0,772.0,10.0,118.0,962.0,1690.0,0.0,37.0,386.0,540.0,38.338,15.955,22.496,76.789,38.451,22.496
BRATS_369,val,,BRATS_300,0.4902,240,240,155,1.0,1.0,1.0,138,187,143,1695.41,0,0.0,41.0,811.0,1116.0,26.0,136.0,560.0,1348.0,32.0,143.0,709.0,1765.0,0.0,48.0,411.9,568.0,69.261,80.489,35.387,185.137,115.876,35.387
BRATS_370,train,,BRATS_346,0.4265,240,240,155,1.0,1.0,1.0,130,150,136,1110.19,0,0.0,36.0,411.0,769.0,17.0,145.0,500.0,601.0,25.0,167.0,866.0,1917.0,0.0,53.0,386.0,585.0,23.177,8.432,10.595,42.204,19.027,10.595
BRATS_371,train,BRATS_297;BRATS_359,BRATS_359,0.5634,240,240,155,1.0,1.0,1.0,138,169,137,1298.09,0,2.0,28.0,470.0,1004.0,13.0,105.0,446.0,548.0,23.0,106.0,731.0,1565.0,0.0,61.0,318.0,420.0,38.488,3.736,7.959,50.183,11.695,7.959
BRATS_372,train,,BRATS_355,0.4035,240,240,155,1.0,1.0,1.0,130,173,140,1438.11,0,0.0,32.0,441.0,1012.0,15.0,139.0,534.0,1201.0,12.0,139.0,1139.0,2137.0,0.0,226.0,1878.0,2215.0,32.237,2.853,4.321,39.411,7.174,4.321
BRATS_373,train,,BRATS_312,0.5282,240,240,155,1.0,1.0,1.0,135,167,138,1370.33,0,0.0,28.0,228.0,517.0,10.0,114.0,452.0,546.0,11.0,131.0,665.0,1418.0,0.0,43.0,309.0,417.0,3.676,2.139,1.47,7.285,3.609,1.47
BRATS_374,train,,BRATS_348,0.4708,240,240,155,1.0,1.0,1.0,131,173,141,1371.12,0,0.0,15.0,243.0,498.0,21.0,99.0,449.0,581.0,19.0,104.0,723.0,1649.0,0.0,19.0,241.0,321.0,32.904,3.872,6.688,43.464,10.56,6.688
BRATS_375,train,,BRATS_353,0.4619,240,240,155,1.0,1.0,1.0,141,174,136,1515.47,0,0.0,35.0,424.0,1086.0,12.0,112.0,617.0,973.0,19.0,161.0,995.0,2159.0,0.0,12.0,400.0,599.0,13.852,9.23,8.45,31.532,17.68,8.45
BRATS_376,train,,BRATS_355,0.4534,240,240,155,1.0,1.0,1.0,136,170,140,1453.94,0,0.0,34.0,338.0,798.0,6.0,81.0,513.0,869.0,9.0,108.0,732.0,1454.0,0.0,7.0,370.0,536.0,3.806,1.777,4.518,10.101,6.295,4.518
BRATS_377,train,BRATS_354,BRATS_354,0.589,240,240,155,1.0,1.0,1.0,141,176,141,1547.8,0,0.0,34.0,512.0,811.0,21.0,133.0,528.0,748.0,28.0,134.0,661.0,1553.0,0.0,61.0,348.0,524.0,63.1,3.391,7.167,73.658,10.558,7.167
BRATS_378,val,,BRATS_348,0.4959,240,240,155,1.0,1.0,1.0,139,167,144,1486.73,0,0.0,45.0,523.0,1163.0,13.0,138.0,549.0,1075.0,26.0,166.0,1261.0,2481.0,0.0,294.0,1563.0,2447.0,29.514,10.055,17.506,57.075,27.561,17.506
BRATS_379,train,,BRATS_343,0.5094,240,240,155,1.0,1.0,1.0,141,173,144,1529.71,0,0.0,25.0,355.0,803.0,15.0,130.0,534.0,699.0,22.0,145.0,976.0,2199.0,0.0,242.0,1429.0,2010.0,28.408,4.122,3.691,36.221,7.813,3.691
BRATS_380,train,,BRATS_302,0.4392,240,240,155,1.0,1.0,1.0,138,180,139,1600.76,0,0.0,31.0,451.0,1369.0,18.0,143.0,546.0,1355.0,23.0,153.0,954.0,2568.0,0.0,255.0,1733.0,2718.0,20.191,0.455,0.106,20.752,0.561,0.106
BRATS_381,test,,BRATS_317,0.3664,240,240,155,1.0,1.0,1.0,137,173,147,1421.25,0,0.0,51.0,804.0,1548.0,23.0,129.0,685.0,1671.0,20.0,137.0,1176.0,2226.0,17.0,366.0,2085.0,2814.0,19.29,7.11,0.406,26.806,7.516,0.406
BRATS_382,test,,BRATS_306,0.4641,240,240,155,1.0,1.0,1.0,133,171,142,1496.65,0,0.0,22.0,371.0,1096.0,27.0,128.0,568.0,879.0,21.0,119.0,848.0,1884.0,0.0,229.0,1827.0,2535.0,18.725,2.31,9.619,30.654,11.929,9.619
BRATS_383,train,BRATS_033,BRATS_033,1.0,240,240,155,1.0,1.0,1.0,134,160,137,1337.07,0,4.0,89.0,774.0,1356.0,23.0,175.0,583.0,1287.0,12.0,252.0,814.0,1356.0,9.0,191.0,1954.0,2417.0,53.697,32.228,52.126,138.051,84.354,52.126
BRATS_384,train,BRATS_035,BRATS_035,1.0,240,240,155,1.0,1.0,1.0,138,171,130,1363.22,0,2.0,49.0,482.0,605.0,1.0,53.0,334.0,678.0,1.0,93.0,460.0,1159.0,5.0,58.0,793.0,1014.0,59.575,3.342,10.91,73.827,14.252,10.91
BRATS_385,val,BRATS_036,BRATS_036,1.0,240,240,155,1.0,1.0,1.0,129,157,129,1125.11,0,1.0,185.0,1200.0,2026.0,11.0,435.0,1912.0,3409.0,11.0,404.0,1188.0,2495.0,3.0,292.0,1737.0,2242.0,105.764,2.593,10.957,119.314,13.55,10.957
BRATS_386,train,BRATS_037,BRATS_037,1.0,240,240,155,1.0,1.0,1.0,147,160,139,1463.98,0,1.0,43.0,470.0,720.0,5.0,60.0,736.0,1112.0,12.0,92.0,1122.0,2240.0,2.0,257.0,1702.0,2648.0,49.555,11.782,18.881,80.218,30.663,18.881
BRATS_387,train,BRATS_038,BRATS_038,1.0,240,240,155,1.0,1.0,1.0,135,161,134,1338.54,0,1.0,35.0,317.0,703.0,3.0,141.0,474.0,1087.0,7.0,186.0,862.0,1512.0,1.0,128.0,870.0,1252.0,47.101,15.951,87.753,150.805,103.704,87.753
BRATS_388,train,BRATS_040,BRATS_040,1.0,240,240,155,1.0,1.0,1.0,133,159,134,1185.69,0,0.0,38.0,423.0,501.0,1.0,106.0,418.0,1148.0,0.0,33.0,216.0,576.0,7.0,86.0,644.0,959.0,76.402,4.749,29.059,110.21,33.808,29.059
BRATS_389,test,BRATS_043,BRATS_043,1.0,240,240,155,1.0,1.0,1.0,150,164,131,1510.34,0,3.0,83.0,830.0,1755.0,27.0,490.0,1442.0,2783.0,23.0,484.0,1303.0,2478.0,19.0,512.0,2997.0,3951.0,25.665,3.169,8.994,37.828,12.163,8.994
BRATS_390,train,BRATS_044,BRATS_044,1.0,240,240,155,1.0,1.0,1.0,147,165,139,1443.9,0,0.0,13.0,208.0,451.0,0.0,43.0,399.0,1073.0,0.0,16.0,124.0,233.0,2.0,35.0,464.0,912.0,19.594,2.287,8.609,30.49,10.896,8.609
BRATS_391,train,BRATS_045,BRATS_045,1.0,240,240,155,1.0,1.0,1.0,141,175,137,1462.15,0,1.0,20.0,342.0,451.0,2.0,35.0,331.0,697.0,3.0,51.0,478.0,1240.0,0.0,52.0,728.0,880.0,44.701,3.614,33.532,81.847,37.146,33.532
BRATS_392,test,BRATS_046,BRATS_046,1.0,240,240,155,1.0,1.0,1.0,139,171,138,1390.66,0,0.0,10.0,331.0,629.0,2.0,95.0,377.0,1121.0,3.0,28.0,210.0,343.0,0.0,67.0,580.0,856.0,28.795,21.404,61.113,111.312,82.517,61.113
BRATS_393,train,BRATS_048,BRATS_048,1.0,240,240,155,1.0,1.0,1.0,145,170,138,1411.85,0,0.0,24.0,347.0,444.0,5.0,110.0,333.0,752.0,2.0,161.0,557.0,1110.0,1.0,71.0,647.0,892.0,103.826,4.212,35.721,143.759,39.933,35.721
BRATS_394,train,BRATS_049,BRATS_049,1.0,240,240,155,1.0,1.0,1.0,133,168,143,1402.74,0,28.0,115.0,691.0,1178.0,55.0,380.0,1317.0,1597.0,59.0,484.0,1528.0,2179.0,50.0,153.0,1457.0,2788.0,21.238,7.774,40.616,69.628,48.39,40.616
BRATS_395,train,BRATS_050,BRATS_050,1.0,240,240,155,1.0,1.0,1.0,140,165,136,1375.83,0,0.0,17.0,400.0,1258.0,1.0,88.0,371.0,1202.0,3.0,152.0,626.67,1998.0,1.0,70.0,615.0,1605.0,30.118,1.665,35.019,66.802,36.684,35.019
BRATS_396,val,BRATS_051,BRATS_051,1.0,240,240,155,1.0,1.0,1.0,138,153,139,1313.28,0,0.0,27.0,468.0,555.0,2.0,128.0,367.0,801.0,1.0,152.0,461.0,1119.0,3.0,140.0,979.0,1115.0,72.888,17.388,19.875,110.151,37.263,19.875
BRATS_397,train,BRATS_061,BRATS_061,1.0,240,240,155,1.0,1.0,1.0,134,167,139,1359.01,0,0.0,104.0,1880.0,2292.0,0.0,215.0,1014.0,2351.0,0.0,190.0,1495.0,2987.0,5.0,148.0,1728.0,2258.0,21.267,29.581,36.345,87.193,65.926,36.345
BRATS_398,train,BRATS_063,BRATS_063,1.0,240,240,155,1.0,1.0,1.0,134,175,143,1484.11,0,0.0,32.0,633.0,747.0,0.0,43.0,433.0,906.0,4.0,65.0,509.0,1266.0,0.0,58.0,1061.0,1340.0,131.242,31.605,5.899,168.746,37.504,5.899
BRATS_399,test,BRATS_064,BRATS_064,1.0,240,240,155,1.0,1.0,1.0,144,164,135,1439.36,0,6.0,78.0,666.0,964.0,15.0,166.0,469.0,1140.0,24.0,388.0,1219.0,2020.0,10.0,216.0,1009.0,1330.0,57.398,26.654,79.56,163.612,106.214,79.56
BRATS_400,val,BRATS_065,BRATS_065,1.0,240,240,155,1.0,1.0,1.0,148,176,146,1850.81,0,0.0,15.0,447.0,2325.0,0.0,31.0,724.0,4778.0,0.0,45.0,909.0,5540.0,0.0,27.0,720.0,960.0,76.498,23.875,29.915,130.288,53.79,29.915
BRATS_401,train,BRATS_067;BRATS_068;BRATS_069;BRATS_070;BRATS_071;BRATS_072;BRATS_073;BRATS_074,BRATS_067,1.0,240,240,155,1.0,1.0,1.0,143,173,134,1437.95,0,0.0,27.0,259.0,367.0,0.0,100.0,293.0,489.0,2.0,107.0,355.0,827.0,1.0,138.0,547.0,633.0,40.134,0.125,4.539,44.798,4.664,4.539
BRATS_402,train,BRATS_079,BRATS_079,1.0,240,240,155,1.0,1.0,1.0,136,170,139,1427.77,0,8.0,55.0,493.0,824.0,5.0,290.0,858.0,1729.0,8.0,127.0,1073.0,2493.0,1.0,247.0,1436.0,2193.0,76.205,3.94,9.371,89.516,13.311,9.371
BRATS_403,train,BRATS_080,BRATS_080,1.0,240,240,155,1.0,1.0,1.0,138,152,139,1328.0,0,0.0,116.0,984.0,1877.0,2.0,296.0,1526.0,3291.0,20.0,962.0,4424.0,11737.0,29.0,355.0,2909.0,4086.0,76.326,53.224,16.944,146.494,70.168,16.944
BRATS_404,test,BRATS_082,BRATS_082,1.0,240,240,155,1.0,1.0,1.0,136,168,142,1523.64,0,5.0,64.0,837.0,976.0,13.0,144.0,499.0,760.0,27.0,200.0,619.0,1045.0,13.0,182.0,1220.0,1347.0,60.217,76.834,39.005,176.056,115.839,39.005
BRATS_405,train,BRATS_083,BRATS_083,1.0,240,240,155,1.0,1.0,1.0,135,169,139,1404.67,0,6.0,83.0,846.0,1754.0,28.0,361.0,1486.0,2474.0,67.0,1261.0,4586.0,10633.0,28.0,320.0,1993.0,2915.0,34.086,7.587,12.114,53.787,19.701,12.114
BRATS_406,train,BRATS_084,BRATS_084,1.0,240,240,155,1.0,1.0,1.0,134,167,141,1323.77,0,0.0,17.0,200.0,419.0,1.0,96.0,334.0,844.0,3.0,157.0,469.0,1045.0,1.0,65.0,732.0,857.0,15.723,4.349,4.362,24.434,8.711,4.362
BRATS_407,train,BRATS_085,BRATS_085,1.0,240,240,155,1.0,1.0,1.0,133,169,127,1205.41,0,8.0,38.0,467.0,508.0,3.0,72.0,357.0,503.0,6.0,81.0,546.0,958.0,10.0,71.0,680.0,817.0,75.076,0.574,15.09,90.74,15.664,15.09
BRATS_408,val,BRATS_087,BRATS_087,1.0,240,240,155,1.0,1.0,1.0,140,173,136,1513.72,0,0.0,22.0,566.0,757.0,2.0,46.0,617.0,976.0,3.0,54.0,667.0,1894.0,1.0,60.0,1448.0,2179.0,30.952,2.147,9.134,42.233,11.281,9.134
BRATS_409,train,BRATS_089,BRATS_089,1.0,240,240,155,1.0,1.0,1.0,136,175,142,1511.79,0,0.0,18.0,316.0,389.0,1.0,65.0,321.0,1212.0,2.0,29.0,271.0,463.0,1.0,56.0,546.0,963.0,126.649,2.506,30.477,159.632,32.983,30.477
BRATS_410,train,BRATS_032;BRATS_091,BRATS_091,1.0,240,240,155,1.0,1.0,1.0,144,171,133,1523.58,0,1.0,28.0,519.0,671.0,9.0,117.0,572.0,1294.0,12.0,200.0,875.0,1604.0,7.0,85.0,994.0,1347.0,84.003,25.394,45.111,154.508,70.505,45.111
BRATS_411,train,BRATS_093,BRATS_093,1.0,240,240,155,1.0,1.0,1.0,136,163,137,1379.68,0,0.0,28.0,320.0,445.0,0.0,93.0,360.0,677.0,0.0,121.0,468.0,703.0,0.0,106.0,846.0,1144.0,91.667,16.013,79.009,186.689,95.022,79.009
BRATS_412,val,BRATS_094,BRATS_094,1.0,240,240,155,1.0,1.0,1.0,132,180,146,1541.62,0,0.0,119.0,1528.0,1981.0,0.0,248.0,1337.0,3104.0,0.0,95.0,975.0,2278.0,0.0,239.0,1608.0,2181.0,45.957,48.94,77.776,172.673,126.716,77.776
BRATS_413,val,BRATS_095,BRATS_095,1.0,240,240,155,1.0,1.0,1.0,144,166,141,1576.11,0,4.0,33.0,491.0,996.0,2.0,37.0,941.0,2505.0,5.0,57.0,1213.0,3468.0,2.0,52.0,1560.0,2593.0,26.327,0.343,4.439,31.109,4.782,4.439
BRATS_414,train,BRATS_096,BRATS_096,0.9742,240,240,155,1.0,1.0,1.0,130,170,135,1364.12,0,0.0,27.0,1486.0,2267.0,0.0,107.0,882.0,1247.0,8.0,298.0,1114.0,2190.0,0.0,212.0,1372.0,2113.0,79.512,8.116,69.134,156.762,77.25,69.134
BRATS_415,train,BRATS_098,BRATS_098,1.0,240,240,155,1.0,1.0,1.0,136,164,139,1389.96,0,2.0,33.0,235.0,360.0,6.0,78.0,198.0,447.0,9.0,114.0,295.0,676.0,3.0,123.0,498.0,638.0,62.021,3.274,17.626,82.921,20.9,17.626
BRATS_416,train,BRATS_099,BRATS_099,1.0,240,240,155,1.0,1.0,1.0,131,167,140,1338.55,0,2.0,132.0,1040.0,1440.0,20.0,506.0,4134.0,7462.0,24.0,920.0,4978.0,11356.0,21.0,391.5,2526.0,4436.0,59.124,42.876,3.852,105.852,46.728,3.852
BRATS_417,train,,BRATS_088,0.3261,240,240,155,1.0,1.0,1.0,142,164,138,1425.12,0,13.0,68.0,357.0,569.0,28.0,206.0,608.0,1193.0,48.0,216.0,799.0,1345.0,0.0,255.0,1009.0,1504.0,98.746,30.888,36.506,166.14,67.394,36.506
BRATS_418,train,BRATS_102;BRATS_103,BRATS_102,1.0,240,240,155,1.0,1.0,1.0,141,149,145,1363.08,0,0.0,21.0,271.0,637.0,0.0,62.0,480.0,1149.0,1.0,99.0,674.0,1503.0,0.0,52.0,913.0,1223.0,35.186,0.326,9.769,45.281,10.095,9.769
BRATS_419,train,BRATS_109,BRATS_109,1.0,240,240,155,1.0,1.0,1.0,134,161,135,1305.17,0,0.0,20.0,325.0,438.0,0.0,90.0,300.0,681.0,4.0,144.0,505.0,987.0,0.0,65.0,585.0,728.0,66.878,3.277,25.236,95.391,28.513,25.236
BRATS_420,test,BRATS_110,BRATS_110,1.0,240,240,155,1.0,1.0,1.0,140,176,135,1598.78,0,6.0,122.0,1024.0,1477.0,3.0,196.0,841.0,1721.0,29.0,398.0,1338.0,3070.0,1.0,344.0,2690.0,3616.0,69.57,1.523,10.93,82.023,12.453,10.93
BRATS_421,train,BRATS_111,BRATS_111,1.0,240,240,155,1.0,1.0,1.0,140,171,135,1511.96,0,3.0,27.0,337.0,480.0,9.0,83.0,458.0,854.0,7.0,114.0,551.0,1064.0,4.0,63.0,676.0,1100.0,74.657,11.978,13.224,99.859,25.202,13.224
BRATS_422,val,BRATS_113,BRATS_113,1.0,240,240,155,1.0,1.0,1.0,142,166,132,1477.45,0,6.0,105.0,1068.0,2250.0,13.0,120.0,610.0,1874.0,6.0,149.0,923.0,1853.0,1.0,67.0,1677.0,2242.0,88.963,9.087,58.556,156.606,67.643,58.556
BRATS_423,val,BRATS_114,BRATS_114,0.9757,240,240,155,1.0,1.0,1.0,142,168,132,1468.1,0,0.0,13.0,545.0,1037.0,0.0,168.0,731.0,1426.0,6.0,186.0,985.0,2540.0,0.0,87.0,1250.0,1539.0,18.711,8.769,27.478,54.958,36.247,27.478
BRATS_424,train,BRATS_118,BRATS_118,1.0,240,240,155,1.0,1.0,1.0,145,175,138,1599.8,0,1.0,20.0,487.0,947.0,16.0,117.0,1230.0,1632.0,1.0,16.0,209.0,502.0,2.0,63.0,1355.0,2453.0,90.387,8.884,18.666,117.937,27.55,18.666
BRATS_425,train,BRATS_127,BRATS_127,1.0,240,240,155,1.0,1.0,1.0,133,158,128,1174.36,0,0.0,17.0,289.0,624.0,1.0,63.0,308.0,800.0,0.0,25.0,151.0,431.0,1.0,61.0,657.0,800.0,21.263,21.996,17.097,60.356,39.093,17.097
BRATS_426,train,BRATS_129,BRATS_129,1.0,240,240,155,1.0,1.0,1.0,141,166,134,1402.07,0,3.0,59.0,426.0,597.0,11.0,148.0,401.0,752.0,0.0,166.0,634.0,1011.0,4.0,210.0,733.0,1019.0,112.303,15.982,47.361,175.646,63.343,47.361
BRATS_427,train,BRATS_131,BRATS_131,1.0,240,240,155,1.0,1.0,1.0,137,174,137,1530.95,0,4.0,75.0,674.0,1171.0,5.0,115.0,363.0,858.0,5.0,125.0,479.0,1264.0,3.0,39.0,403.0,486.0,112.41,10.326,47.182,169.918,57.508,47.182
BRATS_428,train,BRATS_132,BRATS_132,1.0,240,240,155,1.0,1.0,1.0,132,156,137,1229.7,0,0.0,88.0,648.0,1020.0,6.0,123.0,536.0,1294.0,8.0,73.0,720.0,1413.0,4.0,72.0,642.0,1007.0,21.432,22.932,26.417,70.781,49.349,26.417
BRATS_429,train,BRATS_133;BRATS_134,BRATS_133,1.0,240,240,155,1.0,1.0,1.0,141,173,136,1489.41,0,7.0,82.0,713.0,1331.0,8.0,175.0,573.0,1406.0,10.0,156.0,599.0,1471.0,4.0,130.0,716.0,1272.0,37.067,1.59,20.16,58.817,21.75,20.16
BRATS_430,train,BRATS_136,BRATS_136,1.0,240,240,155,1.0,1.0,1.0,140,162,133,1246.54,0,7.0,59.0,600.0,1032.0,2.0,168.0,1135.0,1549.0,12.0,144.0,1435.64,3336.0,7.0,326.0,2120.0,3062.0,59.056,1.719,6.929,67.704,8.648,6.929
BRATS_431,val,BRATS_137;BRATS_138;BRATS_139;BRATS_140;BRATS_141,BRATS_137,1.0,240,240,155,1.0,1.0,1.0,138,168,136,1405.63,0,9.0,46.0,620.0,1244.0,9.0,99.0,1288.0,2424.0,12.0,121.0,1958.0,3272.0,0.0,80.0,1883.0,3342.0,80.426,15.565,26.938,122.929,42.503,26.938
BRATS_432,val,BRATS_142,BRATS_142,1.0,240,240,155,1.0,1.0,1.0,140,168,140,1560.24,0,0.0,19.0,294.0,339.0,1.0,81.0,274.0,906.0,0.0,20.0,141.0,323.0,0.0,77.0,581.0,719.0,75.286,17.679,68.592,161.557,86.271,68.592
BRATS_433,train,BRATS_145,BRATS_145,1.0,240,240,155,1.0,1.0,1.0,138,167,136,1346.4,0,0.0,7.0,65.0,133.0,1.0,25.0,80.0,204.0,2.0,37.0,175.0,376.0,1.0,22.0,129.0,141.0,21.634,39.266,38.724,99.624,77.99,38.724
BRATS_434,train,BRATS_147;BRATS_148;BRATS_149;BRATS_150;BRATS_151;BRATS_152,BRATS_147,1.0,240,240,155,1.0,1.0,1.0,143,173,138,1604.72,0,1.0,17.0,155.0,476.0,3.0,60.0,244.0,464.0,4.0,78.0,308.0,598.0,4.0,91.0,463.0,782.0,31.713,2.03,25.463,59.206,27.493,25.463
BRATS_435,train,BRATS_154;BRATS_156;BRATS_157;BRATS_171;BRATS_226,BRATS_154,1.0,240,240,155,1.0,1.0,1.0,141,173,139,1565.84,0,2.0,69.0,828.0,1914.0,8.0,153.0,1603.0,3237.0,10.0,166.0,2326.0,5592.0,2.0,193.0,2412.0,4146.0,38.607,18.787,31.255,88.649,50.042,31.255
BRATS_436,train,BRATS_158,BRATS_158,1.0,240,240,155,1.0,1.0,1.0,136,161,139,1403.7,0,5.0,55.0,559.0,949.0,37.0,127.0,458.0,954.0,51.0,146.0,537.0,1349.0,11.0,246.0,1297.02,1644.0,17.488,11.694,14.699,43.881,26.393,14.699
BRATS_437,val,BRATS_159,BRATS_159,1.0,240,240,155,1.0,1.0,1.0,139,169,131,1378.78,0,1.0,25.0,306.0,389.0,2.0,114.0,357.0,678.0,3.0,134.0,529.0,894.0,9.0,172.0,741.0,951.0,70.998,8.759,50.084,129.841,58.843,50.084
BRATS_438,train,BRATS_160,BRATS_160,1.0,240,240,155,1.0,1.0,1.0,141,180,137,1515.08,0,0.0,20.0,180.0,700.0,1.0,66.0,286.0,699.0,0.0,79.0,433.0,1065.0,0.0,86.0,598.0,905.0,9.757,0.46,8.858,19.075,9.318,8.858
BRATS_439,train,BRATS_162,BRATS_162,1.0,240,240,155,1.0,1.0,1.0,139,171,137,1512.24,0,2.0,35.0,432.0,884.0,16.0,240.0,667.0,921.0,9.0,182.0,557.0,1395.0,7.0,254.0,1234.0,1719.0,74.917,7.311,9.523,91.751,16.834,9.523
BRATS_440,train,BRATS_164,BRATS_164,1.0,240,240,155,1.0,1.0,1.0,137,162,130,1236.76,0,9.0,69.0,904.0,1224.0,9.0,79.0,1361.0,1852.0,10.0,103.0,1930.0,4041.0,5.0,345.0,2662.0,3820.0,48.139,0.736,17.941,66.816,18.677,17.941
BRATS_441,train,BRATS_165,BRATS_165,1.0,240,240,155,1.0,1.0,1.0,140,172,138,1479.28,0,0.0,28.0,546.0,1433.0,10.0,73.0,377.0,444.0,9.0,91.0,488.0,1333.0,0.0,228.0,1600.0,1947.0,133.61,5.985,14.523,154.118,20.508,14.523
BRATS_442,test,BRATS_166,BRATS_166,1.0,240,240,155,1.0,1.0,1.0,139,173,140,1548.4,0,0.0,22.0,317.0,492.0,2.0,111.0,319.0,723.0,4.0,170.0,515.0,946.0,0.0,123.0,662.0,898.0,33.13,12.627,46.904,92.661,59.531,46.904
BRATS_443,test,BRATS_167,BRATS_167,1.0,240,240,155,1.0,1.0,1.0,142,163,137,1451.96,0,0.0,8.0,220.0,449.0,1.0,94.0,279.0,823.0,0.0,19.0,116.0,290.0,0.0,113.0,620.0,763.0,10.105,3.066,8.813,21.984,11.879,8.813
BRATS_444,test,BRATS_168,BRATS_168,1.0,240,240,155,1.0,1.0,1.0,143,169,137,1435.67,0,0.0,24.0,168.0,370.0,0.0,0.0,286.0,721.0,9.0,131.0,327.0,847.0,4.0,110.0,567.0,826.0,46.78,1.167,4.951,52.898,6.118,4.951
BRATS_445,train,BRATS_172,BRATS_172,1.0,240,240,155,1.0,1.0,1.0,137,158,141,1273.97,0,0.0,33.0,520.0,568.0,15.0,101.0,328.0,682.0,21.0,154.0,493.0,1029.0,7.0,100.0,839.0,1031.0,87.165,4.556,40.45,132.171,45.006,40.45
BRATS_446,train,BRATS_173,BRATS_173,1.0,240,240,155,1.0,1.0,1.0,145,168,137,1560.7,0,1.0,30.0,362.0,492.0,5.0,122.0,337.0,645.0,10.0,122.0,549.0,1017.0,0.0,167.0,632.0,848.0,133.063,5.991,36.248,175.302,42.239,36.248
BRATS_447,train,BRATS_174,BRATS_174,1.0,240,240,155,1.0,1.0,1.0,134,167,137,1404.22,0,1.0,36.0,340.0,454.0,5.0,134.0,339.0,619.0,20.0,197.0,465.0,905.0,1.0,163.0,686.0,988.0,51.852,24.961,30.381,107.194,55.342,30.381
BRATS_448,train,BRATS_181,BRATS_181,1.0,240,240,155,1.0,1.0,1.0,150,160,140,1553.54,0,0.0,43.0,575.0,649.0,1.0,156.0,505.0,959.0,27.0,243.0,664.0,1404.0,0.0,167.0,808.0,1107.0,156.055,23.009,48.062,227.126,71.071,48.062
BRATS_449,train,BRATS_182,BRATS_182,1.0,240,240,155,1.0,1.0,1.0,134,172,139,1368.68,0,0.0,10.0,159.0,243.0,0.0,19.0,156.0,367.0,1.0,28.0,242.0,530.0,0.0,24.0,307.0,372.0,59.483,18.042,54.064,131.589,72.106,54.064
BRATS_450,train,BRATS_190,BRATS_190,1.0,240,240,155,1.0,1.0,1.0,135,162,132,1223.32,0,0.0,28.0,340.0,499.0,3.0,75.0,399.0,987.0,0.0,20.0,120.0,340.0,1.0,55.0,587.0,885.0,30.67,10.058,25.944,66.672,36.002,25.944
BRATS_451,val,BRATS_191,BRATS_191,1.0,240,240,155,1.0,1.0,1.0,142,157,131,1259.03,0,0.0,27.0,290.0,382.0,2.0,86.0,291.0,689.0,0.0,101.0,415.0,814.0,3.0,97.0,620.0,800.0,129.318,7.195,49.748,186.261,56.943,49.748
BRATS_452,test,BRATS_193,BRATS_193,1.0,240,240,155,1.0,1.0,1.0,146,165,136,1467.15,0,0.0,16.0,254.0,400.0,1.0,57.0,306.0,820.0,2.0,100.0,601.0,1064.0,0.0,55.0,644.0,746.0,68.807,13.188,43.375,125.37,56.563,43.375
BRATS_453,train,BRATS_195,BRATS_195,1.0,240,240,155,1.0,1.0,1.0,135,157,144,1385.31,0,17.0,235.0,1225.0,1595.0,137.0,1620.0,4614.0,7779.0,0.0,945.0,2155.0,4480.0,46.0,622.0,2589.0,4141.0,94.553,25.826,13.892,134.271,39.718,13.892
BRATS_454,train,BRATS_199,BRATS_199,1.0,240,240,155,1.0,1.0,1.0,144,170,138,1544.42,0,17.0,67.0,1014.0,1584.0,6.0,83.0,1667.0,2484.0,18.0,125.0,2375.0,5782.0,8.0,522.0,3925.0,5337.0,18.41,11.141,21.184,50.735,32.325,21.184
BRATS_455,train,BRATS_200;BRATS_201;BRATS_202;BRATS_203;BRATS_204;BRATS_205;BRATS_206,BRATS_200,1.0,240,240,155,1.0,1.0,1.0,136,172,130,1349.75,0,0.0,35.0,662.0,795.0,0.0,61.0,432.0,721.0,1.0,112.0,565.0,1463.0,0.0,64.0,1333.0,1715.0,135.912,9.487,16.998,162.397,26.485,16.998
BRATS_456,train,BRATS_217,BRATS_217,1.0,240,240,155,1.0,1.0,1.0,139,167,140,1514.75,0,0.0,24.0,362.0,461.0,6.0,119.0,333.0,843.0,6.0,174.0,580.0,1065.0,4.0,146.0,725.0,817.0,160.681,11.908,50.41,222.999,62.318,50.41
BRATS_457,train,BRATS_220,BRATS_220,1.0,240,240,155,1.0,1.0,1.0,140,169,141,1517.99,0,8.0,55.0,670.0,939.0,27.0,156.0,588.0,1260.0,1.0,23.0,175.0,475.0,8.0,189.0,730.0,965.0,70.526,0.047,3.218,73.791,3.265,3.218
BRATS_458,train,BRATS_222,BRATS_222,1.0,240,240,155,1.0,1.0,1.0,142,159,138,1369.39,0,0.0,23.0,488.0,942.0,3.0,43.0,470.0,639.0,8.0,71.0,519.0,1007.0,0.0,63.0,907.0,1377.0,57.158,10.59,7.337,75.085,17.927,7.337
BRATS_459,test,BRATS_224,BRATS_224,1.0,240,240,155,1.0,1.0,1.0,138,172,140,1511.28,0,0.0,19.0,157.0,309.0,0.0,70.0,250.0,573.0,0.0,121.0,386.0,790.0,1.0,63.0,471.0,733.0,11.711,0.204,1.037,12.952,1.241,1.037
BRATS_460,test,BRATS_225,BRATS_225,1.0,240,240,155,1.0,1.0,1.0,139,165,142,1479.46,0,3.0,54.0,707.0,963.0,0.0,583.0,2947.0,7118.0,46.0,433.0,1539.0,2768.0,24.0,269.0,1949.0,2252.0,61.825,27.014,74.539,163.378,101.553,74.539
BRATS_461,train,BRATS_229,BRATS_229,1.0,240,240,155,1.0,1.0,1.0,140,166,141,1432.0,0,0.0,17.0,426.0,703.0,2.0,83.0,329.0,930.0,0.0,23.0,135.0,236.0,4.0,100.0,800.0,1011.0,54.288,35.326,58.416,148.03,93.742,58.416
BRATS_462,val,BRATS_232,BRATS_232,1.0,240,240,155,1.0,1.0,1.0,145,161,136,1449.49,0,0.0,31.0,210.0,470.0,5.0,127.0,324.0,502.0,22.0,195.0,438.0,1162.0,5.0,172.0,643.0,828.0,36.268,0.384,1.662,38.314,2.046,1.662
BRATS_463,train,BRATS_234,BRATS_234,1.0,240,240,155,1.0,1.0,1.0,148,153,132,1357.04,0,0.0,16.0,284.0,445.0,4.0,91.0,320.0,880.0,6.0,151.0,553.0,1249.0,0.0,83.0,665.0,799.0,65.653,7.137,34.538,107.328,41.675,34.538
BRATS_464,train,BRATS_235,BRATS_235,1.0,240,240,155,1.0,1.0,1.0,128,163,139,1275.15,0,0.0,15.0,309.0,585.0,0.0,41.0,336.0,785.0,0.0,65.0,452.0,886.0,0.0,34.0,660.0,943.0,34.935,17.111,39.514,91.56,56.625,39.514
BRATS_465,train,BRATS_237,BRATS_237,1.0,240,240,155,1.0,1.0,1.0,134,167,135,1345.02,0,10.0,251.0,1399.0,2118.0,8.0,253.0,575.0,1004.0,25.0,552.0,1249.0,2577.0,2.0,254.0,1156.0,1629.0,58.885,37.59,26.259,122.734,63.849,26.259
BRATS_466,train,BRATS_238,BRATS_238,1.0,240,240,155,1.0,1.0,1.0,134,171,139,1425.95,0,0.0,150.0,733.0,1105.0,24.0,241.0,658.0,937.0,25.0,298.0,723.0,1519.0,0.0,382.0,1938.0,3160.0,14.046,0.06,2.642,16.748,2.702,2.642
BRATS_467,train,BRATS_244,BRATS_244,1.0,240,240,155,1.0,1.0,1.0,139,177,134,1608.6,0,0.0,0.0,256.0,346.0,0.0,29.0,329.0,777.0,4.0,108.0,327.0,737.0,0.0,0.0,1065.0,1245.0,47.925,97.83,11.994,157.749,109.824,11.994
BRATS_468,test,BRATS_252,BRATS_252,1.0,240,240,155,1.0,1.0,1.0,132,152,138,1270.16,0,0.0,34.0,214.0,301.0,1.0,113.0,294.0,567.0,3.0,186.0,438.0,900.0,0.0,132.0,550.0,892.0,54.524,8.969,17.276,80.769,26.245,17.276
BRATS_469,train,BRATS_255,BRATS_255,1.0,240,240,155,1.0,1.0,1.0,138,176,139,1569.44,0,1.0,31.0,370.0,473.0,4.0,131.0,396.0,981.0,3.0,144.0,561.0,1128.0,2.0,184.0,819.0,1056.0,68.609,6.401,22.125,97.135,28.526,22.125
BRATS_470,train,BRATS_256,BRATS_256,1.0,240,240,155,1.0,1.0,1.0,133,163,144,1441.71,0,0.0,23.0,286.0,619.0,2.0,91.0,285.0,518.0,0.0,140.0,410.0,1083.0,0.0,80.0,639.0,923.0,45.798,48.61,33.404,127.812,82.014,33.404
BRATS_471,train,BRATS_261,BRATS_261,1.0,240,240,155,1.0,1.0,1.0,144,180,142,1639.52,0,5.0,75.0,792.0,1063.0,0.0,180.0,583.0,1390.0,3.0,33.0,207.0,519.0,0.0,101.0,858.0,1082.0,130.784,28.927,44.531,204.242,73.458,44.531
BRATS_472,train,BRATS_263,BRATS_263,1.0,240,240,155,1.0,1.0,1.0,139,161,138,1345.26,0,1.0,24.0,382.0,517.0,4.0,100.0,342.0,788.0,6.0,130.0,568.0,1166.0,3.0,169.0,832.0,977.0,123.063,6.284,38.84,168.187,45.124,38.84
BRATS_473,val,BRATS_264,BRATS_264,1.0,240,240,155,1.0,1.0,1.0,143,163,119,1138.15,0,11.0,46.0,445.0,800.0,5.0,56.0,884.0,1077.0,1.0,54.0,1322.0,3662.0,0.0,225.0,1635.0,2449.0,18.041,0.319,5.096,23.456,5.415,5.096
BRATS_474,test,BRATS_265,BRATS_265,1.0,240,240,155,1.0,1.0,1.0,138,173,137,1424.91,0,0.0,33.0,556.0,1069.0,4.0,119.0,465.0,1111.0,0.0,37.0,217.0,389.0,14.0,148.0,832.0,1101.0,85.913,8.971,111.25,206.134,120.221,111.25
BRATS_475,train,BRATS_266,BRATS_266,1.0,240,240,155,1.0,1.0,1.0,152,169,130,1579.39,0,3.0,49.0,995.0,1296.0,4.0,95.0,937.0,1804.0,5.0,171.0,1137.0,2086.0,9.0,80.0,3008.0,3264.0,83.517,52.012,65.092,200.621,117.104,65.092
BRATS_476,test,BRATS_267,BRATS_267,1.0,240,240,155,1.0,1.0,1.0,137,167,136,1412.15,0,0.0,36.0,374.0,457.0,15.0,135.0,372.0,780.0,11.0,178.0,504.0,927.0,9.0,166.0,668.0,921.0,39.147,6.323,29.516,74.986,35.839,29.516
BRATS_477,test,BRATS_271,BRATS_271,1.0,240,240,155,1.0,1.0,1.0,141,169,142,1445.26,0,1.0,28.0,351.0,516.0,8.0,108.0,354.0,702.0,36.0,136.0,712.0,940.0,5.0,257.0,856.0,974.0,83.088,15.826,63.709,162.623,79.535,63.709
BRATS_478,train,BRATS_273,BRATS_273,1.0,240,240,155,1.0,1.0,1.0,135,172,137,1381.62,0,2.0,15.0,197.0,404.0,8.0,42.0,207.0,428.0,5.0,19.0,119.0,288.0,4.0,26.0,349.0,493.0,55.793,7.328,14.157,77.278,21.485,14.157
BRATS_479,train,BRATS_274,BRATS_274,1.0,240,240,155,1.0,1.0,1.0,141,171,137,1553.38,0,10.0,71.0,968.0,1583.0,36.0,664.0,3834.0,5116.0,31.0,1156.0,6144.0,10412.0,6.0,445.0,2442.0,3501.0,19.635,9.905,26.241,55.781,36.146,26.241
BRATS_480,val,,BRATS_441,0.4995,240,240,155,1.0,1.0,1.0,131,172,146,1455.03,0,0.0,37.0,706.0,1371.0,10.0,92.0,431.0,887.0,9.0,108.0,572.0,1184.0,0.0,304.0,1833.0,2312.0,87.05,35.617,26.937,149.604,62.554,26.937
BRATS_481,val,,BRATS_230,0.3996,240,240,155,1.0,1.0,1.0,135,173,139,1454.19,0,12.0,44.0,472.0,661.0,9.0,73.0,675.0,1036.0,12.0,78.0,1080.08,2165.0,19.0,437.0,2008.0,3000.0,37.895,4.159,15.114,57.168,19.273,15.114
BRATS_482,train,,BRATS_170,0.3962,240,240,155,1.0,1.0,1.0,134,169,143,1483.07,0,6.0,39.0,474.0,730.0,15.0,119.0,703.0,1247.0,24.0,153.0,1293.0,4206.0,23.0,231.0,1632.0,2867.0,84.679,72.19,27.851,184.72,100.041,27.851
BRATS_483,train,,BRATS_230,0.3961,240,240,155,1.0,1.0,1.0,133,177,136,1427.39,0,6.0,28.0,286.0,419.0,14.0,177.0,573.0,840.0,13.0,102.91,792.0,2200.0,12.0,185.0,1018.0,1521.0,20.156,24.733,19.458,64.347,44.191,19.458
BRATS_484,val,,BRATS_226,0.457,240,240,155,1.0,1.0,1.0,142,166,139,1494.37,0,18.0,77.0,479.0,763.0,13.0,149.0,849.0,1306.0,21.0,137.0,1301.0,3323.0,23.0,391.0,1472.0,2233.0,50.981,18.024,28.207,97.212,46.231,28.207
